"","case","year","systemic_crisis","exch_usd","domestic_debt_in_default","sovereign_external_debt_default","gdp_weighted_default","inflation_annual_cpi","independence","currency_crises","inflation_crises","period","banking_crises","region","total_crises"
"1",1,1870,4,0.052264,0,0,0,3.441455696,0,9,14,1880,4,"Algeria",31
"2",1,1871,4,0.052798,0,0,0,14.14913958,0,9,14,1880,4,"Algeria",31
"3",1,1872,4,0.052274,0,0,0,-3.718592965,0,9,14,1880,4,"Algeria",31
"4",1,1873,4,0.05168,0,0,0,11.20389701,0,9,14,1880,4,"Algeria",31
"5",1,1874,4,0.051308,0,0,0,-3.848560701,0,9,14,1880,4,"Algeria",31
"6",1,1875,4,0.051546,0,0,0,-20.92417833,0,9,14,1880,4,"Algeria",31
"7",1,1876,4,0.051867,0,0,0,-1.769547325,0,9,14,1880,4,"Algeria",31
"8",1,1877,4,0.051867,0,0,0,29.11604525,0,9,14,1880,4,"Algeria",31
"9",1,1878,4,0.051948,0,0,0,-1.492537313,0,9,14,1880,4,"Algeria",31
"10",1,1879,4,0.052029,0,0,0,-16.83135705,0,9,14,1880,4,"Algeria",31
"11",1,1880,4,0.052356,0,0,0,3.881188119,0,9,14,1880,4,"Algeria",31
"12",1,1881,4,0.052029,0,0,0,12.61913839,0,9,14,1900,4,"Algeria",31
"13",1,1882,4,0.050761,0,0,0,-12.35612729,0,9,14,1900,4,"Algeria",31
"14",1,1883,4,0.052002,0,0,0,-1.390498262,0,9,14,1900,4,"Algeria",31
"15",1,1884,4,0.052165,0,0,0,-15.94202899,0,9,14,1900,4,"Algeria",31
"16",1,1939,4,0.44903,0,0,0,9.756097561,0,9,14,1940,4,"Algeria",31
"17",1,1940,4,0.49189,0,0,0,22.22222222,0,9,14,1940,4,"Algeria",31
"18",1,1941,4,0.44937,0,0,0,16.36363636,0,9,14,1960,4,"Algeria",31
"19",1,1942,4,0.75,0,0,0,28.125,0,9,14,1960,4,"Algeria",31
"20",1,1943,4,0.5,0,0,0,46.34146341,0,9,14,1960,4,"Algeria",31
"21",1,1944,4,0.5,0,0,0,41.66666667,0,9,14,1960,4,"Algeria",31
"22",1,1945,4,1.191,0,0,0,29.41176471,0,9,14,1960,4,"Algeria",31
"23",1,1946,4,1.191,0,0,0,18.18181818,0,9,14,1960,4,"Algeria",31
"24",1,1947,4,1.193,0,0,0,69.23076923,0,9,14,1960,4,"Algeria",31
"25",1,1948,4,2.662,0,0,0,63.63636364,0,9,14,1960,4,"Algeria",31
"26",1,1949,4,3.49,0,0,0,23.61111111,0,9,14,1960,4,"Algeria",31
"27",1,1950,4,3.499,0,0,0,0,0,9,14,1960,4,"Algeria",31
"28",1,1951,4,3.5,0,0,0,6.741573034,0,9,14,1960,4,"Algeria",31
"29",1,1952,4,3.5,0,0,0,6.315789474,0,9,14,1960,4,"Algeria",31
"30",1,1953,4,3.5,0,0,0,-0.99009901,0,9,14,1960,4,"Algeria",31
"31",1,1954,4,3.5,0,0,0,1,0,9,14,1960,4,"Algeria",31
"32",1,1955,4,3.5,0,0,0,0,0,9,14,1960,4,"Algeria",31
"33",1,1956,4,3.5,0,0,0,1.98019802,0,9,14,1960,4,"Algeria",31
"34",1,1957,4,4.199,0,0,0,2.912621359,0,9,14,1960,4,"Algeria",31
"35",1,1958,4,4.906,0,0,0,12.26415094,0,9,14,1960,4,"Algeria",31
"36",1,1959,4,4.909,0,0,0,9.243697479,0,9,14,1960,4,"Algeria",31
"37",1,1960,4,4.93706,0,0,0,5.384615385,0,9,14,1960,4,"Algeria",31
"38",1,1961,4,4.93706,0,0,0,2.919708029,0,9,14,1980,4,"Algeria",31
"39",1,1968,4,4.93706,0,0,0,6.599987838,1,9,14,1980,4,"Algeria",31
"40",1,1969,4,4.93706,0,0,0,2.626631862,1,9,14,1980,4,"Algeria",31
"41",1,1970,4,4.93706,0,0,0,3.656320975,1,9,14,1980,4,"Algeria",31
"42",1,1971,4,4.644,0,0,0,6.172816266,1,9,14,1980,4,"Algeria",31
"43",1,1972,4,4.556,0,0,0,4.734228715,1,9,14,1980,4,"Algeria",31
"44",1,1973,4,4.185,0,0,0,8.961134756,1,9,14,1980,4,"Algeria",31
"45",1,1974,4,3.997,0,0,0,8.87917187,1,9,14,1980,4,"Algeria",31
"46",1,1975,4,4.125,0,0,0,12.09893382,1,9,14,1980,4,"Algeria",31
"47",1,1976,4,4.359,0,0,0,17.17351914,1,9,14,1980,4,"Algeria",31
"48",1,1977,4,4.035,0,0,0,11.45037883,1,9,14,1980,4,"Algeria",31
"49",1,1978,4,3.8345,0,0,0,9.668492611,1,9,14,1980,4,"Algeria",31
"50",1,1979,4,3.7555,0,0,0,14.60957788,1,9,14,1980,4,"Algeria",31
"51",1,1980,4,3.9715,0,0,0,9.668,1,9,14,1980,4,"Algeria",31
"52",1,1981,4,4.378,0,0,0,14.61,1,9,14,2000,4,"Algeria",31
"53",1,1982,4,4.6355,0,0,0,6.593,1,9,14,2000,4,"Algeria",31
"54",1,1983,4,4.9165,0,0,0,7.835,1,9,14,2000,4,"Algeria",31
"55",1,1984,4,5.1227,0,0,0,6.31,1,9,14,2000,4,"Algeria",31
"56",1,1985,4,4.7728,0,0,0,10.432,1,9,14,2000,4,"Algeria",31
"57",1,1986,4,4.8235,0,0,0,14.007,1,9,14,2000,4,"Algeria",31
"58",1,1987,4,4.9363,0,0,0,5.857,1,9,14,2000,4,"Algeria",31
"59",1,1988,4,6.7308,0,0,0,5.938,1,9,14,2000,4,"Algeria",31
"60",1,1989,4,8.0324,0,0,0,9.172,1,9,14,2000,4,"Algeria",31
"61",1,1990,4,12.1908,0,0,0,9.272,1,9,14,2000,4,"Algeria",31
"62",1,1991,4,21.3919,0,1,0.23,25.9,1,9,14,2000,4,"Algeria",31
"63",1,1992,4,22.7814,0,1,0.23,31.7,1,9,14,2000,4,"Algeria",31
"64",1,1993,4,24.123,0,1,0.23,20.5,1,9,14,2000,4,"Algeria",31
"65",1,1994,4,42.8925,0,1,0.23,29,1,9,14,2000,4,"Algeria",31
"66",1,1995,4,52.175,0,1,0.23,29.8,1,9,14,2000,4,"Algeria",31
"67",1,1996,4,56.1859,0,1,0.23,18.7,1,9,14,2000,4,"Algeria",31
"68",1,1997,4,58.4139,0,0,0,5.7,1,9,14,2000,4,"Algeria",31
"69",1,1998,4,60.3531,0,0,0,4.95,1,9,14,2000,4,"Algeria",31
"70",1,1999,4,69.3143,0,0,0,2.6,1,9,14,2000,4,"Algeria",31
"71",1,2000,4,75.3428,0,0,0,0.3,1,9,14,2000,4,"Algeria",31
"72",1,2001,4,77.8196,0,0,0,4.2,1,9,14,2014,4,"Algeria",31
"73",1,2002,4,79.7234,0,0,0,1.43,1,9,14,2014,4,"Algeria",31
"74",1,2003,4,72.6128,0,0,0,4.259,1,9,14,2014,4,"Algeria",31
"75",1,2004,4,72.6137,0,0,0,3.972,1,9,14,2014,4,"Algeria",31
"76",1,2005,4,73.3799,0,0,0,1.382,1,9,14,2014,4,"Algeria",31
"77",1,2006,4,71.1582,0,0,0,2.315,1,9,14,2014,4,"Algeria",31
"78",1,2007,4,66.8299,0,0,0,3.674,1,9,14,2014,4,"Algeria",31
"79",1,2008,4,71.1826,0,0,0,4.855,1,9,14,2014,4,"Algeria",31
"80",1,2009,4,72.7309,0,0,0,5.743,1,9,14,2014,4,"Algeria",31
"81",1,2010,4,74.9437,0,0,0,3.913,1,9,14,2014,4,"Algeria",31
"82",1,2011,4,76.0563,0,0,0,4.522,1,9,14,2014,4,"Algeria",31
"83",1,2012,4,78.1025,0,0,0,8.916,1,9,14,2014,4,"Algeria",31
"84",1,2013,4,78.1487013,0,0,0,3.255,1,9,14,2014,4,"Algeria",31
"85",1,2014,4,87.9706983,0,0,0,2.917,1,9,14,2014,4,"Algeria",31
"86",2,1921,0,1.25e-08,0,0,0,29.62962963,0,22,26,1940,7,"Angola",55
"87",2,1922,0,2.21e-08,0,0,0,45.71428571,0,22,26,1940,7,"Angola",55
"88",2,1923,0,2.81e-08,0,0,0,68.62745098,0,22,26,1940,7,"Angola",55
"89",2,1924,0,2.08e-08,0,0,0,126.744186,0,22,26,1940,7,"Angola",55
"90",2,1925,0,1.95e-08,0,0,0,-27.17948718,0,22,26,1940,7,"Angola",55
"91",2,1926,0,1.95e-08,0,0,0,-7.042253521,0,22,26,1940,7,"Angola",55
"92",2,1927,0,2.02e-08,0,0,0,-17.42424242,0,22,26,1940,7,"Angola",55
"93",2,1928,0,2.27e-08,0,0,0,-9.174311927,0,22,26,1940,7,"Angola",55
"94",2,1929,0,2.22e-08,0,0,0,-5.050505051,0,22,26,1940,7,"Angola",55
"95",2,1930,0,2.23e-08,0,0,0,-5.319148936,0,22,26,1940,7,"Angola",55
"96",2,1931,0,3.1e-08,0,0,0,0,0,22,26,1940,7,"Angola",55
"97",2,1932,0,3.31e-08,0,0,0,-2.247191011,0,22,26,1940,7,"Angola",55
"98",2,1933,0,2.13e-08,0,0,0,2.298850575,0,22,26,1940,7,"Angola",55
"99",2,1934,0,2.22e-08,0,0,0,3.370786517,0,22,26,1940,7,"Angola",55
"100",2,1935,0,2.23e-08,0,0,0,5.434782609,0,22,26,1940,7,"Angola",55
"101",2,1936,0,2.25e-08,0,0,0,-1.030927835,0,22,26,1940,7,"Angola",55
"102",2,1937,0,2.21e-08,0,0,0,2.083333333,0,22,26,1940,7,"Angola",55
"103",2,1938,0,2.36e-08,0,0,0,2.040816327,0,22,26,1940,7,"Angola",55
"104",2,1939,0,2.77e-08,0,0,0,1,0,22,26,1940,7,"Angola",55
"105",2,1940,0,2.51e-08,0,0,0,13.86138614,0,22,26,1940,7,"Angola",55
"106",2,1941,0,2.5e-08,0,0,0,16.52173913,0,22,26,1960,7,"Angola",55
"107",2,1942,0,2.5e-08,0,0,0,17.91044776,0,22,26,1960,7,"Angola",55
"108",2,1943,0,2.5e-08,0,0,0,13.92405063,0,22,26,1960,7,"Angola",55
"109",2,1944,0,2.5e-08,0,0,0,7.777777778,0,22,26,1960,7,"Angola",55
"110",2,1945,0,2.5e-08,0,0,0,5.154639175,0,22,26,1960,7,"Angola",55
"111",2,1946,0,2.63e-08,0,0,0,4.901960784,0,22,26,1960,7,"Angola",55
"112",2,1947,0,2.5e-08,0,0,0,13.55140187,0,22,26,1960,7,"Angola",55
"113",2,1948,0,2.58e-08,0,0,0,-16.87242798,0,22,26,1960,7,"Angola",55
"114",2,1949,0,2.86e-08,0,0,0,-0.99009901,0,22,26,1960,7,"Angola",55
"115",2,1950,0,2.91e-08,0,0,0,4,0,22,26,1960,7,"Angola",55
"116",2,1951,0,2.91e-08,0,0,0,-7.692307692,0,22,26,1960,7,"Angola",55
"117",2,1952,0,2.9e-08,0,0,0,3.125,0,22,26,1960,7,"Angola",55
"118",2,1953,0,2.9e-08,0,0,0,0,0,22,26,1960,7,"Angola",55
"119",2,1954,0,2.88e-08,0,0,0,-4.04040404,0,22,26,1960,7,"Angola",55
"120",2,1955,0,2.88e-08,0,0,0,0,0,22,26,1960,7,"Angola",55
"121",2,1956,0,2.88e-08,0,0,0,3.157894737,0,22,26,1960,7,"Angola",55
"122",2,1957,0,2.88e-08,0,0,0,1.020408163,0,22,26,1960,7,"Angola",55
"123",2,1958,0,2.88e-08,0,0,0,2.02020202,0,22,26,1960,7,"Angola",55
"124",2,1959,0,2.89e-08,0,0,0,0,0,22,26,1960,7,"Angola",55
"125",2,1960,0,2.88e-08,0,0,0,-0.99009901,0,22,26,1960,7,"Angola",55
"126",2,1961,0,2.88e-08,0,0,0,2,0,22,26,1980,7,"Angola",55
"127",2,1962,0,2.89e-08,0,0,0,5.882352941,0,22,26,1980,7,"Angola",55
"128",2,1970,0,2.88e-08,0,0,0,7.965434021,0,22,26,1980,7,"Angola",55
"129",2,1971,0,2.76e-08,0,0,0,5.777758599,0,22,26,1980,7,"Angola",55
"130",2,1972,0,2.7e-08,0,0,0,15.79827455,0,22,26,1980,7,"Angola",55
"131",2,1973,0,2.58e-08,0,0,0,15.67485015,0,22,26,1980,7,"Angola",55
"132",2,1974,0,2.46e-08,0,0,0,27.41525989,0,22,26,1980,7,"Angola",55
"133",2,1975,0,2.75e-08,0,0,0,29.00043489,1,22,26,1980,7,"Angola",55
"134",2,1976,0,2.99e-08,1,0,0,80.69990445,1,22,26,1980,7,"Angola",55
"135",2,1977,0,2.99e-08,0,0,0,69.00935079,1,22,26,1980,7,"Angola",55
"136",2,1978,0,2.99e-08,0,0,0,48.46106867,1,22,26,1980,7,"Angola",55
"137",2,1979,0,2.99e-08,0,0,0,101.3013176,1,22,26,1980,7,"Angola",55
"138",2,1980,0,2.99e-08,0,0,0,46.70755462,1,22,26,1980,7,"Angola",55
"139",2,1991,0,1.8e-07,0,1,0,85.265,1,22,26,2000,7,"Angola",55
"140",2,1992,0,5.5e-07,1,1,0,299.097,1,22,26,2000,7,"Angola",55
"141",2,1993,0,6.5e-06,1,1,0,1379.476,1,22,26,2000,7,"Angola",55
"142",2,1994,0,0.000509262,1,1,0,949.771,1,22,26,2000,7,"Angola",55
"143",2,1995,0,0.005692,1,1,0,2672.23,1,22,26,2000,7,"Angola",55
"144",2,1996,0,0.201994,1,1,0,4146.01,1,22,26,2000,7,"Angola",55
"145",2,1997,0,0.262376,1,1,0,221.492,1,22,26,2000,7,"Angola",55
"146",2,1998,0,0.6965,1,1,0,107.429,1,22,26,2000,7,"Angola",55
"147",2,1999,0,5.57992,1,1,0,248.248,1,22,26,2000,7,"Angola",55
"148",2,2000,0,16.81784,1,1,0,325.029,1,22,26,2000,7,"Angola",55
"149",2,2001,0,31.94936,1,1,0,152.586,1,22,26,2014,7,"Angola",55
"150",2,2002,0,58.66637,1,1,0,108.893,1,22,26,2014,7,"Angola",55
"151",2,2003,0,79.08149,0,1,0,98.342,1,22,26,2014,7,"Angola",55
"152",2,2004,0,85.98779,0,0,0,43.559,1,22,26,2014,7,"Angola",55
"153",2,2005,0,80.77951,0,0,0,22.961,1,22,26,2014,7,"Angola",55
"154",2,2006,0,80.26442,0,0,0,13.305,1,22,26,2014,7,"Angola",55
"155",2,2007,0,75.023,0,0,0,12.249,1,22,26,2014,7,"Angola",55
"156",2,2008,0,75.169,0,0,0,12.465,1,22,26,2014,7,"Angola",55
"157",2,2009,0,89.398,0,0,0,13.721,1,22,26,2014,7,"Angola",55
"158",2,2010,0,92.643,0,0,0,14.48,1,22,26,2014,7,"Angola",55
"159",2,2011,0,95.272,0,0,0,13.484,1,22,26,2014,7,"Angola",55
"160",2,2012,0,95.82588521,0,0,0,10.285,1,22,26,2014,7,"Angola",55
"161",2,2013,0,97.56,0,0,0,8.782,1,22,26,2014,7,"Angola",55
"162",2,2014,0,101.49,0,0,0,7.296,1,22,26,2014,7,"Angola",55
"163",10,1957,19,209.9498515,0,0,0,6.818181818,0,2,2,1960,19,"Central African Republic",42
"164",10,1958,19,245.2998265,0,0,0,12.76595745,0,2,2,1960,19,"Central African Republic",42
"165",10,1959,19,245.4498264,0,0,0,3.773584906,0,2,2,1960,19,"Central African Republic",42
"166",10,1960,19,245.1298266,0,0,0,10.90909091,1,2,2,1960,19,"Central African Republic",42
"167",10,1961,19,245.0648267,0,0,0,6.557377049,1,2,2,1980,19,"Central African Republic",42
"168",10,1962,19,245.0048267,0,0,0,7.692307692,1,2,2,1980,19,"Central African Republic",42
"169",10,1963,19,245.0998266,0,0,0,3.714285714,1,2,2,1980,19,"Central African Republic",42
"170",10,1964,19,245.0048267,0,0,0,10.05509642,1,2,2,1980,19,"Central African Republic",42
"171",10,1965,19,245.0748266,0,0,0,9.386733417,1,2,2,1980,19,"Central African Republic",42
"172",10,1966,19,247.5898249,0,0,0,2.745995423,1,2,2,1980,19,"Central African Republic",42
"173",10,1967,19,245.4248264,0,0,0,1.893095768,1,2,2,1980,19,"Central African Republic",42
"174",10,1968,19,247.404825,0,0,0,4.808743169,1,2,2,1980,19,"Central African Republic",42
"175",10,1969,19,277.9148034,0,0,0,0.521376434,1,2,2,1980,19,"Central African Republic",42
"176",10,1970,19,276.0248048,0,0,0,3.734439834,1,2,2,1980,19,"Central African Republic",42
"177",10,1971,19,261.2248152,0,0,0,27.69953052,1,2,2,1980,19,"Central African Republic",42
"178",10,1972,19,256.0498189,0,0,0,-8.823529412,1,2,2,1980,19,"Central African Republic",42
"179",10,1973,19,235.4248335,0,0,0,5.64516129,1,2,2,1980,19,"Central African Republic",42
"180",10,1974,19,222.2248428,0,0,0,9.541984733,1,2,2,1980,19,"Central African Republic",42
"181",10,1975,19,224.2748413,0,0,0,16.02787456,1,2,2,1980,19,"Central African Republic",42
"182",10,1976,19,248.4873242,0,0,0,10.51051051,1,2,2,1980,19,"Central African Republic",42
"183",10,1977,19,235.2498335,0,0,0,11.14130435,1,2,2,1980,19,"Central African Republic",42
"184",10,1978,19,208.9998521,0,0,0,11.49144254,1,2,2,1980,19,"Central African Republic",42
"185",10,1979,19,200.9998578,0,0,0,9.210526316,1,2,2,1980,19,"Central African Republic",42
"186",10,1980,19,225.7998402,0,0,0,13.3,1,2,2,1980,19,"Central African Republic",42
"187",10,1981,19,287.3997967,0,1,0,14.66,1,2,2,2000,19,"Central African Republic",42
"188",10,1982,19,336.2497621,0,0,0,13.243,1,2,2,2000,19,"Central African Republic",42
"189",10,1983,19,417.3747047,0,1,0,14.558,1,2,2,2000,19,"Central African Republic",42
"190",10,1984,19,479.5996607,0,1,0,2.604,1,2,2,2000,19,"Central African Republic",42
"191",10,1985,19,378.0497326,0,1,0,10.457,1,2,2,2000,19,"Central African Republic",42
"192",10,1986,19,322.7497717,0,1,0,2.411,1,2,2,2000,19,"Central African Republic",42
"193",10,1987,19,266.9998111,0,1,0,-6.986,1,2,2,2000,19,"Central African Republic",42
"194",10,1988,19,302.9497857,0,1,0,-3.934,1,2,2,2000,19,"Central African Republic",42
"195",10,1989,19,289.3997953,0,1,0,0.645,1,2,2,2000,19,"Central African Republic",42
"196",10,1990,19,256.4498186,0,1,0,-0.203,1,2,2,2000,19,"Central African Republic",42
"197",10,1991,19,258.9998168,0,1,0,-2.848,1,2,2,2000,19,"Central African Republic",42
"198",10,1992,19,275.3248052,0,1,0,-0.757,1,2,2,2000,19,"Central African Republic",42
"199",10,1993,19,294.7747915,0,1,0,-2.909,1,2,2,2000,19,"Central African Republic",42
"200",10,1994,19,534.5996218,0,1,0,24.55,1,2,2,2000,19,"Central African Republic",42
"201",10,1995,19,489.9996534,0,1,0,19.2,1,2,2,2000,19,"Central African Republic",42
"202",10,1996,19,523.6996296,0,1,0,3.723,1,2,2,2000,19,"Central African Republic",42
"203",10,1997,19,598.8095764,0,1,0,1.597,1,2,2,2000,19,"Central African Republic",42
"204",10,1998,19,562.2096023,0,1,0,-1.871,1,2,2,2000,19,"Central African Republic",42
"205",10,1999,19,652.9534143,0,1,0,-1.415,1,2,2,2000,19,"Central African Republic",42
"206",10,2000,19,704.9511016,0,1,0,3.202,1,2,2,2000,19,"Central African Republic",42
"207",10,2001,19,744.3061387,0,1,0,3.843,1,2,2,2014,19,"Central African Republic",42
"208",10,2002,19,625.4953752,0,1,0,2.298,1,2,2,2014,19,"Central African Republic",42
"209",10,2003,19,519.3642122,0,1,0,4.353,1,2,2,2014,19,"Central African Republic",42
"210",10,2004,19,481.5777109,0,1,0,-2.244,1,2,2,2014,19,"Central African Republic",42
"211",10,2005,19,556.0371281,0,1,0,2.885,1,2,2,2014,19,"Central African Republic",42
"212",10,2006,19,498.0690964,0,1,0,6.694,1,2,2,2014,19,"Central African Republic",42
"213",10,2007,19,445.5926907,0,1,0,0.935,1,2,2,2014,19,"Central African Republic",42
"214",10,2008,19,471.3350578,0,1,0,9.262,1,2,2,2014,19,"Central African Republic",42
"215",10,2009,19,455.3359711,0,1,0,3.522,1,2,2,2014,19,"Central African Republic",42
"216",10,2010,19,490.9122886,0,1,0,1.491,1,2,2,2014,19,"Central African Republic",42
"217",10,2011,19,506.9611253,0,1,0,1.195,1,2,2,2014,19,"Central African Republic",42
"218",10,2012,19,497.1631044,0,1,0,5.874,1,2,2,2014,19,"Central African Republic",42
"219",10,2013,19,475.6413603,0,1,0,6.552,1,2,2,2014,19,"Central African Republic",42
"220",10,2014,19,540.2825138,0,1,0,11.584,1,2,2,2014,19,"Central African Republic",42
"221",15,1952,4,0,0,0,0,16.21609969,0,1,4,1960,4,"Ivory Coast",13
"222",15,1953,4,0,0,0,0,2.326185353,0,1,4,1960,4,"Ivory Coast",13
"223",15,1954,4,0,0,0,0,-2.273304086,0,1,4,1960,4,"Ivory Coast",13
"224",15,1955,4,0,0,0,0,2.326185353,0,1,4,1960,4,"Ivory Coast",13
"225",15,1956,4,0,0,0,0,4.54479533,0,1,4,1960,4,"Ivory Coast",13
"226",15,1957,4,0,0,0,0,13.04340287,0,1,4,1960,4,"Ivory Coast",13
"227",15,1958,4,0,0,0,0,21.15476063,0,1,4,1960,4,"Ivory Coast",13
"228",15,1959,4,0,0,0,0,6.348281887,0,1,4,1960,4,"Ivory Coast",13
"229",15,1960,4,0,0,0,0,-2.152483452,1,1,4,1960,4,"Ivory Coast",13
"230",15,1961,4,0,0,0,0,14.43033046,1,1,4,1980,4,"Ivory Coast",13
"231",15,1962,4,0,0,0,0,-0.177568901,1,1,4,1980,4,"Ivory Coast",13
"232",15,1963,4,0,0,0,0,8.719549217,1,1,4,1980,4,"Ivory Coast",13
"233",15,1964,4,0,0,0,0,-3.169044947,1,1,4,1980,4,"Ivory Coast",13
"234",15,1965,4,0,0,0,0,1.757528693,1,1,4,1980,4,"Ivory Coast",13
"235",15,1966,4,0,0,0,0,4.665098294,1,1,4,1980,4,"Ivory Coast",13
"236",15,1967,4,0,0,0,0,2.766186537,1,1,4,1980,4,"Ivory Coast",13
"237",15,1968,4,0,0,0,0,7.747595621,1,1,4,1980,4,"Ivory Coast",13
"238",15,1969,4,0,0,0,0,2.502927383,1,1,4,1980,4,"Ivory Coast",13
"239",15,1970,4,278,0,0,0,8.075116891,1,1,4,1980,4,"Ivory Coast",13
"240",15,1971,4,264,0,0,0,-1.07225635,1,1,4,1980,4,"Ivory Coast",13
"241",15,1972,4,255.5,0,0,0,1.194615424,1,1,4,1980,4,"Ivory Coast",13
"242",15,1973,4,238,0,0,0,12.9325741,1,1,4,1980,4,"Ivory Coast",13
"243",15,1974,4,222,0,0,0,18.22418299,1,1,4,1980,4,"Ivory Coast",13
"244",15,1975,4,220,0,0,0,10.61769304,1,1,4,1980,4,"Ivory Coast",13
"245",15,1976,4,247,0,0,0,12.90885269,1,1,4,1980,4,"Ivory Coast",13
"246",15,1977,4,236,0,0,0,24.48243736,1,1,4,1980,4,"Ivory Coast",13
"247",15,1978,4,243.5,0,0,0,16.03173523,1,1,4,1980,4,"Ivory Coast",13
"248",15,1979,4,205,0,0,0,21.75954473,1,1,4,1980,4,"Ivory Coast",13
"249",15,1980,4,221,0,0,0,8.81,1,1,4,1980,4,"Ivory Coast",13
"250",15,1981,4,290,0,0,0,8.682,1,1,4,2000,4,"Ivory Coast",13
"251",15,1982,4,352,0,0,0,7.389,1,1,4,2000,4,"Ivory Coast",13
"252",15,1983,4,450,0,1,0,5.879,1,1,4,2000,4,"Ivory Coast",13
"253",15,1984,4,486.5,0,1,0,4.281,1,1,4,2000,4,"Ivory Coast",13
"254",15,1985,4,380,0,1,0,1.753,1,1,4,2000,4,"Ivory Coast",13
"255",15,1986,4,319,0,1,0,6.837,1,1,4,2000,4,"Ivory Coast",13
"256",15,1987,4,277,0,1,0,6.978,1,1,4,2000,4,"Ivory Coast",13
"257",15,1988,4,310,0,1,0,6.935,1,1,4,2000,4,"Ivory Coast",13
"258",15,1989,4,305,0,1,0,0.986,1,1,4,2000,4,"Ivory Coast",13
"259",15,1990,4,267,0,1,0,-0.658,1,1,4,2000,4,"Ivory Coast",13
"260",15,1991,4,265,0,1,0,1.575,1,1,4,2000,4,"Ivory Coast",13
"261",15,1992,4,278,0,1,0,4.218,1,1,4,2000,4,"Ivory Coast",13
"262",15,1993,4,297,0,1,0,2.13,1,1,4,2000,4,"Ivory Coast",13
"263",15,1994,4,540,0,1,0,25.956,1,1,4,2000,4,"Ivory Coast",13
"264",15,1995,4,495,0,1,0,14.1,1,1,4,2000,4,"Ivory Coast",13
"265",15,1996,4,525.7,0,1,0,2.7,1,1,4,2000,4,"Ivory Coast",13
"266",15,1997,4,616,0,1,0,6.301,1,1,4,2000,4,"Ivory Coast",13
"267",15,1998,4,576,0,1,0,5.219,1,1,4,2000,4,"Ivory Coast",13
"268",15,1999,4,0,0,0,0,0.92,1,1,4,2000,4,"Ivory Coast",13
"269",15,2000,4,0,0,1,0,-0.381,1,1,4,2000,4,"Ivory Coast",13
"270",15,2001,4,0,0,1,0,4.355,1,1,4,2014,4,"Ivory Coast",13
"271",15,2002,4,0,0,1,0,3.08,1,1,4,2014,4,"Ivory Coast",13
"272",15,2003,4,0,0,1,0,3.297,1,1,4,2014,4,"Ivory Coast",13
"273",15,2004,4,0,0,1,0,1.459,1,1,4,2014,4,"Ivory Coast",13
"274",15,2005,4,0,0,1,0,3.884,1,1,4,2014,4,"Ivory Coast",13
"275",15,2006,4,0,0,1,0,2.466,1,1,4,2014,4,"Ivory Coast",13
"276",15,2007,4,0,0,1,0,1.896,1,1,4,2014,4,"Ivory Coast",13
"277",15,2008,4,0,0,1,0,6.315,1,1,4,2014,4,"Ivory Coast",13
"278",15,2009,4,0,0,1,0,1.009,1,1,4,2014,4,"Ivory Coast",13
"279",15,2010,4,0,0,1,0,1.8,1,1,4,2014,4,"Ivory Coast",13
"280",15,2011,4,0,0,1,0,4.448,1,1,4,2014,4,"Ivory Coast",13
"281",15,2012,4,0,0,1,0,1.3,1,1,4,2014,4,"Ivory Coast",13
"282",15,2013,4,0,0,0,0,2.584,1,1,4,2014,4,"Ivory Coast",13
"283",15,2014,4,0,0,0,0,0.449,1,1,4,2014,4,"Ivory Coast",13
"284",19,1860,6,0.20661157,0,0,0,5.944477972,1,8,11,1880,11,"Egypt",36
"285",19,1861,6,0.20661157,0,0,0,5.952720023,1,8,11,1880,11,"Egypt",36
"286",19,1862,6,0.20661157,0,0,0,5.940860215,1,8,11,1880,11,"Egypt",36
"287",19,1863,6,0.20661157,0,0,0,5.95026643,1,8,11,1880,11,"Egypt",36
"288",19,1864,6,0.20661157,0,0,0,5.951383068,1,8,11,1880,11,"Egypt",36
"289",19,1865,6,0.20661157,0,0,0,5.944846293,1,8,11,1880,11,"Egypt",36
"290",19,1866,6,0.20661157,0,0,0,5.941967143,1,8,11,1880,11,"Egypt",36
"291",19,1867,6,0.20661157,0,0,0,5.95106233,1,8,11,1880,11,"Egypt",36
"292",19,1868,6,0.20661157,0,0,0,5.94943927,1,8,11,1880,11,"Egypt",36
"293",19,1869,6,0.1967,0,0,0,5.938284894,1,8,11,1880,11,"Egypt",36
"294",19,1870,6,0.196,0,0,0,5.952582557,1,8,11,1880,11,"Egypt",36
"295",19,1871,6,0.1978,0,0,0,12.97850236,1,8,11,1880,11,"Egypt",36
"296",19,1872,6,0.1984,0,0,0,-4.201740115,1,8,11,1880,11,"Egypt",36
"297",19,1873,6,0.197,0,0,0,-4.171896921,1,8,11,1880,11,"Egypt",36
"298",19,1874,6,0.198,0,0,0,1.556480197,1,8,11,1880,11,"Egypt",36
"299",19,1875,6,0.1941,0,0,0,-8.528072838,1,8,11,1880,11,"Egypt",36
"300",19,1876,6,0.1983,0,1,0.4,-10.87425348,1,8,11,1880,11,"Egypt",36
"301",19,1877,6,0.1955,0,1,0.4,-0.43741275,1,8,11,1880,11,"Egypt",36
"302",19,1878,6,0.1967,0,1,0.4,-0.514114788,1,8,11,1880,11,"Egypt",36
"303",19,1879,6,0.1981,0,1,0.4,10.55153622,1,8,11,1880,11,"Egypt",36
"304",19,1880,6,0.201,0,1,0.4,1.784803672,1,8,11,1880,11,"Egypt",36
"305",19,1881,6,0.2,0,0,0,-12.40814963,1,8,11,1900,11,"Egypt",36
"306",19,1882,6,0.1998,0,0,0,4.232602479,1,8,11,1900,11,"Egypt",36
"307",19,1883,6,0.1998,0,0,0,-2.231571246,1,8,11,1900,11,"Egypt",36
"308",19,1884,6,0.2003,0,0,0,-0.477081384,1,8,11,1900,11,"Egypt",36
"309",19,1885,6,0.1991,0,0,0,-6.438575054,1,8,11,1900,11,"Egypt",36
"310",19,1886,6,0.2007,0,0,0,3.616636528,1,8,11,1900,11,"Egypt",36
"311",19,1887,6,0.1999,0,0,0,-2.840798914,1,8,11,1900,11,"Egypt",36
"312",19,1888,6,0.1987,0,0,0,-6.216944417,1,8,11,1900,11,"Egypt",36
"313",19,1889,6,0.2005,0,0,0,-12.33241115,1,8,11,1900,11,"Egypt",36
"314",19,1890,6,0.2003,0,0,0,7.949993931,1,8,11,1900,11,"Egypt",36
"315",19,1891,6,0.201,0,0,0,10.17539915,1,8,11,1900,11,"Egypt",36
"316",19,1892,6,0.1993,0,0,0,1.959383611,1,8,11,1900,11,"Egypt",36
"317",19,1893,6,0.1983,0,0,0,-13.92253028,1,8,11,1900,11,"Egypt",36
"318",19,1894,6,0.199,0,0,0,-4.953488372,1,8,11,1900,11,"Egypt",36
"319",19,1895,6,0.1971,0,0,0,-5.578664057,1,8,11,1900,11,"Egypt",36
"320",19,1896,6,0.1976,0,0,0,9.70458668,1,8,11,1900,11,"Egypt",36
"321",19,1897,6,0.1986,0,0,0,2.846344632,1,8,11,1900,11,"Egypt",36
"322",19,1898,6,0.1985,0,0,0,14.21681213,1,8,11,1900,11,"Egypt",36
"323",19,1899,6,0.1951,0,0,0,-6.374422378,1,8,11,1900,11,"Egypt",36
"324",19,1900,6,0.1999,0,0,0,7.388316151,1,8,11,1900,11,"Egypt",36
"325",19,1901,6,0.1975,0,0,0,0.11,1,8,11,1920,11,"Egypt",36
"326",19,1902,6,0.1988,0,0,0,-0.549395665,1,8,11,1920,11,"Egypt",36
"327",19,1903,6,0.2009,0,0,0,-7.533145842,1,8,11,1920,11,"Egypt",36
"328",19,1904,6,0.1994,0,0,0,-2.639582881,1,8,11,1920,11,"Egypt",36
"329",19,1905,6,0.201,0,0,0,15.36315966,1,8,11,1920,11,"Egypt",36
"330",19,1906,6,0.2003,0,0,0,9.448742747,1,8,11,1920,11,"Egypt",36
"331",19,1907,6,0.2006,0,0,0,1.307767076,1,8,11,1920,11,"Egypt",36
"332",19,1908,6,0.1994,0,0,0,8.87047536,1,8,11,1920,11,"Egypt",36
"333",19,1909,6,0.1995,0,0,0,1.185707419,1,8,11,1920,11,"Egypt",36
"334",19,1910,6,0.1999,0,0,0,-11.7418844,1,8,11,1920,11,"Egypt",36
"335",19,1911,6,0.1996,0,0,0,1.291827398,1,8,11,1920,11,"Egypt",36
"336",19,1912,6,0.1998,0,0,0,6.24391108,1,8,11,1920,11,"Egypt",36
"337",19,1913,6,0.2007,0,0,0,11.40380127,1,8,11,1920,11,"Egypt",36
"338",19,1914,6,0.1996,0,0,0,-1.137384017,1,8,11,1920,11,"Egypt",36
"339",19,1915,6,0.206,0,0,0,-16.00060551,1,8,11,1920,11,"Egypt",36
"340",19,1916,6,0.2049,0,0,0,19.326921,1,8,11,1920,11,"Egypt",36
"341",19,1917,6,0.2049,0,0,0,35.4800225,1,8,11,1920,11,"Egypt",36
"342",19,1918,6,0.2042,0,0,0,18.04671609,1,8,11,1920,11,"Egypt",36
"343",19,1919,6,0.2554,0,0,0,12.1743099,1,8,11,1920,11,"Egypt",36
"344",19,1920,6,0.2787,0,0,0,20.60262757,1,8,11,1920,11,"Egypt",36
"345",19,1921,6,0.2343,0,0,0,-28.50213688,1,8,11,1940,11,"Egypt",36
"346",19,1922,6,0.2112,0,0,0,-11.8067676,1,8,11,1940,11,"Egypt",36
"347",19,1923,6,0.2244,0,0,0,-10.90447887,1,8,11,1940,11,"Egypt",36
"348",19,1924,6,0.2074,0,0,0,7.201266764,1,8,11,1940,11,"Egypt",36
"349",19,1925,6,0.2008,0,0,0,5.682103785,1,8,11,1940,11,"Egypt",36
"350",19,1926,6,0.2011,0,0,0,-11.35479535,1,8,11,1940,11,"Egypt",36
"351",19,1927,6,0.1998,0,0,0,-8.356955722,1,8,11,1940,11,"Egypt",36
"352",19,1928,6,0.201,0,0,0,4.5057024,1,8,11,1940,11,"Egypt",36
"353",19,1929,6,0.1998,0,0,0,-3.339660342,1,8,11,1940,11,"Egypt",36
"354",19,1930,6,0.2008,0,0,0,-6.922294859,1,8,11,1940,11,"Egypt",36
"355",19,1931,6,0.289,0,0,0,-5.020231154,1,8,11,1940,11,"Egypt",36
"356",19,1932,6,0.2975,0,0,0,-10.84823995,1,8,11,1940,11,"Egypt",36
"357",19,1933,6,0.1906,0,0,0,-9.7931274,1,8,11,1940,11,"Egypt",36
"358",19,1934,6,0.1971,0,0,0,23.96925479,1,8,11,1940,11,"Egypt",36
"359",19,1935,6,0.1979,0,0,0,5.648570427,1,8,11,1940,11,"Egypt",36
"360",19,1936,6,0.1987,0,0,0,-7.249727068,1,8,11,1940,11,"Egypt",36
"361",19,1937,6,0.1952,0,0,0,-1.022813275,1,8,11,1940,11,"Egypt",36
"362",19,1938,6,0.2088,0,0,0,11.43314281,1,8,11,1940,11,"Egypt",36
"363",19,1939,6,0.2481,0,0,0,-1.435148115,1,8,11,1940,11,"Egypt",36
"364",19,1940,6,0.2416,0,0,0,10.38362042,1,8,11,1940,11,"Egypt",36
"365",19,1941,6,0.2416,0,0,0,24.18818835,1,8,11,1960,11,"Egypt",36
"366",19,1942,6,0.2416,0,0,0,40.76638415,1,8,11,1960,11,"Egypt",36
"367",19,1943,6,0.2416,0,0,0,17.48643148,1,8,11,1960,11,"Egypt",36
"368",19,1944,6,0.2416,0,0,0,11.37938502,1,8,11,1960,11,"Egypt",36
"369",19,1945,6,0.2416,0,0,0,0,1,8,11,1960,11,"Egypt",36
"370",19,1946,6,0.2416,0,0,0,2.119179547,1,8,11,1960,11,"Egypt",36
"371",19,1947,6,0.2416,0,0,0,-3.112803427,1,8,11,1960,11,"Egypt",36
"372",19,1948,6,0.2416,0,0,0,0.713958211,1,8,11,1960,11,"Egypt",36
"373",19,1949,6,0.3484,0,0,0,0,1,8,11,1960,11,"Egypt",36
"374",19,1950,6,0.3484,0,0,0,8.510015609,1,8,11,1960,11,"Egypt",36
"375",19,1951,6,0.3484,0,0,0,7.599868141,1,8,11,1960,11,"Egypt",36
"376",19,1952,6,0.3484,0,0,0,-10.25483916,1,8,11,1960,11,"Egypt",36
"377",19,1953,6,0.3484,0,0,0,-0.952735624,1,8,11,1960,11,"Egypt",36
"378",19,1954,6,0.3484,0,0,0,-2.885699962,1,8,11,1960,11,"Egypt",36
"379",19,1955,6,0.3484,0,0,0,0,1,8,11,1960,11,"Egypt",36
"380",19,1956,6,0.3484,0,0,0,3.961929343,1,8,11,1960,11,"Egypt",36
"381",19,1957,6,0.3509,0,0,0,3.249231915,1,8,11,1960,11,"Egypt",36
"382",19,1958,6,0.3509,0,0,0,-1.340547039,1,8,11,1960,11,"Egypt",36
"383",19,1959,6,0.3509,0,0,0,0.694613697,1,8,11,1960,11,"Egypt",36
"384",19,1960,6,0.3509,0,0,0,0.726128525,1,8,11,1960,11,"Egypt",36
"385",19,1961,6,0.3509,0,0,0,1.17746005,1,8,11,1980,11,"Egypt",36
"386",19,1962,6,0.4348,0,0,0,-4.203776274,1,8,11,1980,11,"Egypt",36
"387",19,1963,6,0.4348,0,0,0,2.060865254,1,8,11,1980,11,"Egypt",36
"388",19,1964,6,0.4348,0,0,0,7.824338769,1,8,11,1980,11,"Egypt",36
"389",19,1965,6,0.4348,0,0,0,13.12090131,1,8,11,1980,11,"Egypt",36
"390",19,1966,6,0.4348,0,0,0,6.693697414,1,8,11,1980,11,"Egypt",36
"391",19,1967,6,0.4348,0,0,0,0.119617553,1,8,11,1980,11,"Egypt",36
"392",19,1968,6,0.4348,0,0,0,0.455818017,1,8,11,1980,11,"Egypt",36
"393",19,1969,6,0.4348,0,0,0,3.676736584,1,8,11,1980,11,"Egypt",36
"394",19,1970,6,0.4348,0,0,0,3.36871659,1,8,11,1980,11,"Egypt",36
"395",19,1971,6,0.4348,0,0,0,2.942979233,1,8,11,1980,11,"Egypt",36
"396",19,1972,6,0.4348,0,0,0,2.424102664,1,8,11,1980,11,"Egypt",36
"397",19,1973,6,0.4348,0,0,0,5.740312478,1,8,11,1980,11,"Egypt",36
"398",19,1974,6,0.3913,0,0,0,10.64040499,1,8,11,1980,11,"Egypt",36
"399",19,1975,6,0.3913,0,0,0,9.899265451,1,8,11,1980,11,"Egypt",36
"400",19,1976,6,0.3913,0,0,0,10.29192345,1,8,11,1980,11,"Egypt",36
"401",19,1977,6,0.3913,0,0,0,11.61462645,1,8,11,1980,11,"Egypt",36
"402",19,1978,6,0.3913,0,0,0,11.27087249,1,8,11,1980,11,"Egypt",36
"403",19,1979,6,0.7,0,0,0,9.90279235,1,8,11,1980,11,"Egypt",36
"404",19,1980,6,0.699999999,0,0,0,20.5,1,8,11,1980,11,"Egypt",36
"405",19,1981,6,0.699999999,0,0,0,10.4,1,8,11,2000,11,"Egypt",36
"406",19,1982,6,0.699999999,0,0,0,14.9,1,8,11,2000,11,"Egypt",36
"407",19,1983,6,0.699999999,0,0,0,15.982,1,8,11,2000,11,"Egypt",36
"408",19,1984,6,0.7,0,1,0.4,17.06,1,8,11,2000,11,"Egypt",36
"409",19,1985,6,0.7,0,0,0,12.108,1,8,11,2000,11,"Egypt",36
"410",19,1986,6,0.7,0,0,0,23.9,1,8,11,2000,11,"Egypt",36
"411",19,1987,6,0.7,0,0,0,25.185,1,8,11,2000,11,"Egypt",36
"412",19,1988,6,0.7,0,0,0,15.185,1,8,11,2000,11,"Egypt",36
"413",19,1989,6,1.1,0,0,0,20.129,1,8,11,2000,11,"Egypt",36
"414",19,1990,6,2,0,0,0,21.219,1,8,11,2000,11,"Egypt",36
"415",19,1991,6,3.33221,0,0,0,14.737,1,8,11,2000,11,"Egypt",36
"416",19,1992,6,3.33861,0,0,0,21.142,1,8,11,2000,11,"Egypt",36
"417",19,1993,6,3.3718,0,0,0,11.042,1,8,11,2000,11,"Egypt",36
"418",19,1994,6,3.391,0,0,0,9.046,1,8,11,2000,11,"Egypt",36
"419",19,1995,6,3.39,0,0,0,9.361,1,8,11,2000,11,"Egypt",36
"420",19,1996,6,3.388,0,0,0,7.095,1,8,11,2000,11,"Egypt",36
"421",19,1997,6,3.388,0,0,0,6.167,1,8,11,2000,11,"Egypt",36
"422",19,1998,6,3.388,0,0,0,5.041,1,8,11,2000,11,"Egypt",36
"423",19,1999,6,3.405,0,0,0,3.745,1,8,11,2000,11,"Egypt",36
"424",19,2000,6,3.69,0,0,0,2.849,1,8,11,2000,11,"Egypt",36
"425",19,2001,6,4.49,0,0,0,2.431,1,8,11,2014,11,"Egypt",36
"426",19,2002,6,4.5,0,0,0,3.21,1,8,11,2014,11,"Egypt",36
"427",19,2003,6,6.1532,0,0,0,0,1,8,11,2014,11,"Egypt",36
"428",19,2004,6,6.1314,0,0,0,8.106,1,8,11,2014,11,"Egypt",36
"429",19,2005,6,5.7322,0,0,0,8.826,1,8,11,2014,11,"Egypt",36
"430",19,2006,6,5.7036,0,0,0,4.202,1,8,11,2014,11,"Egypt",36
"431",19,2007,6,5.5038,0,0,0,10.959,1,8,11,2014,11,"Egypt",36
"432",19,2008,6,5.5041,0,0,0,11.698,1,8,11,2014,11,"Egypt",36
"433",19,2009,6,5.4754,0,0,0,16.24,1,8,11,2014,11,"Egypt",36
"434",19,2010,6,5.7926,0,0,0,11.69,1,8,11,2014,11,"Egypt",36
"435",19,2011,6,6.0169,0,0,0,11.09,1,8,11,2014,11,"Egypt",36
"436",19,2012,6,6.3057,0,0,0,8.65,1,8,11,2014,11,"Egypt",36
"437",19,2013,6,6.94,0,0,0,6.914,1,8,11,2014,11,"Egypt",36
"438",19,2014,6,7.15,0,0,0,10.099,1,8,11,2014,11,"Egypt",36
"439",35,1948,13,4.9582,0,0,0,9.339830607,0,9,4,1960,8,"Kenya",34
"440",35,1949,13,4.9582,0,0,0,3.522920204,0,9,4,1960,8,"Kenya",34
"441",35,1950,13,7.1428,0,0,0,8.553710537,0,9,4,1960,8,"Kenya",34
"442",35,1951,13,7.1428,0,0,0,10.87767339,0,9,4,1960,8,"Kenya",34
"443",35,1952,13,7.1428,0,0,0,6.450926123,0,9,4,1960,8,"Kenya",34
"444",35,1953,13,7.1428,0,0,0,3.032,0,9,4,1960,8,"Kenya",34
"445",35,1954,13,7.1429,0,0,0,4.410280301,0,9,4,1960,8,"Kenya",34
"446",35,1955,13,7.1429,0,0,0,6.369450435,0,9,4,1960,8,"Kenya",34
"447",35,1956,13,7.1429,0,0,0,1.786276086,0,9,4,1960,8,"Kenya",34
"448",35,1957,13,7.1429,0,0,0,2.630675184,0,9,4,1960,8,"Kenya",34
"449",35,1958,13,7.1429,0,0,0,0,0,9,4,1960,8,"Kenya",34
"450",35,1959,13,7.1429,0,0,0,0.856645697,0,9,4,1960,8,"Kenya",34
"451",35,1960,13,7.1429,0,0,0,0.846051758,0,9,4,1960,8,"Kenya",34
"452",35,1961,13,7.1429,0,0,0,2.520151341,0,9,4,1980,8,"Kenya",34
"453",35,1962,13,7.1429,0,0,0,2.740605244,0,9,4,1980,8,"Kenya",34
"454",35,1963,13,7.1429,0,0,0,0,1,9,4,1980,8,"Kenya",34
"455",35,1964,13,7.1429,0,0,0,-0.285715557,1,9,4,1980,8,"Kenya",34
"456",35,1965,13,7.1429,0,0,0,5.762329909,1,9,4,1980,8,"Kenya",34
"457",35,1966,13,7.1429,0,0,0,3.761913134,1,9,4,1980,8,"Kenya",34
"458",35,1967,13,7.1429,0,0,0,0.537398087,1,9,4,1980,8,"Kenya",34
"459",35,1968,13,7.1429,0,0,0,0.661865236,1,9,4,1980,8,"Kenya",34
"460",35,1969,13,7.1429,0,0,0,-0.131090559,1,9,4,1980,8,"Kenya",34
"461",35,1970,13,7.1429,0,0,0,1.832593812,1,9,4,1980,8,"Kenya",34
"462",35,1971,13,7.1429,0,0,0,5.614773537,1,9,4,1980,8,"Kenya",34
"463",35,1972,13,7.1429,0,0,0,4.52521913,1,9,4,1980,8,"Kenya",34
"464",35,1973,13,6.9,0,0,0,12.66289775,1,9,4,1980,8,"Kenya",34
"465",35,1974,13,7.1429,0,0,0,16.41376144,1,9,4,1980,8,"Kenya",34
"466",35,1975,13,7.1429,0,0,0,19.7347384,1,9,4,1980,8,"Kenya",34
"467",35,1976,13,8.27,0,0,0,9.527607326,1,9,4,1980,8,"Kenya",34
"468",35,1977,13,7.9471,0,0,0,18.01088176,1,9,4,1980,8,"Kenya",34
"469",35,1978,13,7.1588,0,0,0,15.35621451,1,9,4,1980,8,"Kenya",34
"470",35,1979,13,7.3276,0,0,0,8.080283232,1,9,4,1980,8,"Kenya",34
"471",35,1980,13,7.568499999,0,0,0,13.866,1,9,4,1980,8,"Kenya",34
"472",35,1981,13,10.2862,0,0,0,7.895,1,9,4,2000,8,"Kenya",34
"473",35,1982,13,12.7249,0,0,0,13.821,1,9,4,2000,8,"Kenya",34
"474",35,1983,13,13.7959,0,0,0,11.603,1,9,4,2000,8,"Kenya",34
"475",35,1984,13,15.7813,0,0,0,20.667,1,9,4,2000,8,"Kenya",34
"476",35,1985,13,16.2843,0,0,0,11.398,1,9,4,2000,8,"Kenya",34
"477",35,1986,13,16.0422,0,0,0,10.284,1,9,4,2000,8,"Kenya",34
"478",35,1987,13,16.5149,0,0,0,13.007,1,9,4,2000,8,"Kenya",34
"479",35,1988,13,18.5994,0,0,0,4.804,1,9,4,2000,8,"Kenya",34
"480",35,1989,13,21.601,0,0,0,7.617,1,9,4,2000,8,"Kenya",34
"481",35,1990,13,24.0841,0,0,0,11.2,1,9,4,2000,8,"Kenya",34
"482",35,1991,13,28.0741,0,0,0,19.104,1,9,4,2000,8,"Kenya",34
"483",35,1992,13,36.2163,0,0,0,27.332,1,9,4,2000,8,"Kenya",34
"484",35,1993,13,68.1631,0,0,0,45.979,1,9,4,2000,8,"Kenya",34
"485",35,1994,13,44.8389,0,1,0,28.814,1,9,4,2000,8,"Kenya",34
"486",35,1995,13,55.9389,0,1,0,1.554,1,9,4,2000,8,"Kenya",34
"487",35,1996,13,55.0211,0,1,0,8.862,1,9,4,2000,8,"Kenya",34
"488",35,1997,13,62.6778,0,1,0,11.924,1,9,4,2000,8,"Kenya",34
"489",35,1998,13,61.9056,0,1,0,6.716,1,9,4,2000,8,"Kenya",34
"490",35,1999,13,72.9306,0,0,0,5.753,1,9,4,2000,8,"Kenya",34
"491",35,2000,13,78.0361,0,1,0,9.955,1,9,4,2000,8,"Kenya",34
"492",35,2001,13,78.6,0,0,0,5.824,1,9,4,2014,8,"Kenya",34
"493",35,2002,13,77.0722,0,0,0,2.156,1,9,4,2014,8,"Kenya",34
"494",35,2003,13,76.1389,0,0,0,5.983,1,9,4,2014,8,"Kenya",34
"495",35,2004,13,77.3444,0,0,0,8.381,1,9,4,2014,8,"Kenya",34
"496",35,2005,13,72.3667,0,0,0,7.823,1,9,4,2014,8,"Kenya",34
"497",35,2006,13,69.3967,0,0,0,6.041,1,9,4,2014,8,"Kenya",34
"498",35,2007,13,62.675,0,0,0,4.265,1,9,4,2014,8,"Kenya",34
"499",35,2008,13,77.71111111,0,0,0,15.101,1,9,4,2014,8,"Kenya",34
"500",35,2009,13,75.82,0,0,0,10.552,1,9,4,2014,8,"Kenya",34
"501",35,2010,13,80.75194444,0,0,0,4.309,1,9,4,2014,8,"Kenya",34
"502",35,2011,13,85.0681,0,0,0,14.022,1,9,4,2014,8,"Kenya",34
"503",35,2012,13,86.0008,0,0,0,9.378,1,9,4,2014,8,"Kenya",34
"504",35,2013,13,86.31,0,0,0,5.717,1,9,4,2014,8,"Kenya",34
"505",35,2014,13,89.35,0,0,0,6.878,1,9,4,2014,8,"Kenya",34
"506",38,1947,0,3.3085,0,0,0,-9.090909091,0,5,6,1960,1,"Mauritius",12
"507",38,1948,0,3.3085,0,0,0,31.99785465,0,5,6,1960,1,"Mauritius",12
"508",38,1949,0,4.7619,0,0,0,1.023932388,0,5,6,1960,1,"Mauritius",12
"509",38,1950,0,4.7619,0,0,0,4.904878735,0,5,6,1960,1,"Mauritius",12
"510",38,1951,0,4.79201,0,0,0,11.15115499,0,5,6,1960,1,"Mauritius",12
"511",38,1952,0,4.74495,0,0,0,1.941981994,0,5,6,1960,1,"Mauritius",12
"512",38,1953,0,4.74292,0,0,0,-0.634431887,0,5,6,1960,1,"Mauritius",12
"513",38,1954,0,4.78754,0,0,0,0.956872627,0,5,6,1960,1,"Mauritius",12
"514",38,1955,0,4.75544,0,0,0,-0.315372291,0,5,6,1960,1,"Mauritius",12
"515",38,1956,0,4.78651,0,0,0,2.857481221,0,5,6,1960,1,"Mauritius",12
"516",38,1957,0,4.66297,0,0,0,-0.926032535,0,5,6,1960,1,"Mauritius",12
"517",38,1958,0,4.75764,0,0,0,0.622571969,0,5,6,1960,1,"Mauritius",12
"518",38,1959,0,4.76189,0,0,0,-0.618719992,0,5,6,1960,1,"Mauritius",12
"519",38,1960,0,4.75544,0,0,0,1.8693761,0,5,6,1960,1,"Mauritius",12
"520",38,1961,0,4.74816,0,0,0,-0.612777053,0,5,6,1980,1,"Mauritius",12
"521",38,1962,0,4.75764,0,0,0,0.798570117,0,5,6,1980,1,"Mauritius",12
"522",38,1963,0,4.76768,0,0,0,1.753672463,1,5,6,1980,1,"Mauritius",12
"523",38,1964,0,4.77879,0,0,0,1.8269885,1,5,6,1980,1,"Mauritius",12
"524",38,1965,0,4.75714,0,0,0,1.893322561,1,5,6,1980,1,"Mauritius",12
"525",38,1966,0,4.77862,0,0,0,2.982014118,1,5,6,1980,1,"Mauritius",12
"526",38,1967,0,5.541,0,0,0,2.937830401,1,5,6,1980,1,"Mauritius",12
"527",38,1968,0,5.59189,0,0,0,5.329676052,1,5,6,1980,1,"Mauritius",12
"528",38,1969,0,5.55392,0,0,0,2.978677387,1,5,6,1980,1,"Mauritius",12
"529",38,1970,0,5.57016,0,0,0,0.011228728,1,5,6,1980,1,"Mauritius",12
"530",38,1971,0,5.22362,0,0,0,1.886196037,1,5,6,1980,1,"Mauritius",12
"531",38,1972,0,5.6783,0,0,0,5.551930333,1,5,6,1980,1,"Mauritius",12
"532",38,1973,0,5.7392,0,0,0,20.82296472,1,5,6,1980,1,"Mauritius",12
"533",38,1974,0,5.6774,0,0,0,23.79801683,1,5,6,1980,1,"Mauritius",12
"534",38,1975,0,6.5892,0,0,0,15.20534955,1,5,6,1980,1,"Mauritius",12
"535",38,1976,0,6.639,0,0,0,10.75945144,1,5,6,1980,1,"Mauritius",12
"536",38,1977,0,6.3503,0,0,0,9.794534493,1,5,6,1980,1,"Mauritius",12
"537",38,1978,0,5.921,0,0,0,9.063188827,1,5,6,1980,1,"Mauritius",12
"538",38,1979,0,7.5855,0,0,0,23.21616753,1,5,6,1980,1,"Mauritius",12
"539",38,1980,0,7.8349,0,0,0,33.04,1,5,6,1980,1,"Mauritius",12
"540",38,1981,0,10.3293,0,0,0,26.45,1,5,6,2000,1,"Mauritius",12
"541",38,1982,0,10.8605,0,0,0,13.384,1,5,6,2000,1,"Mauritius",12
"542",38,1983,0,12.7233,0,0,0,7.452,1,5,6,2000,1,"Mauritius",12
"543",38,1984,0,15.6033,0,0,0,5.525,1,5,6,2000,1,"Mauritius",12
"544",38,1985,0,14.31,0,0,0,8.321,1,5,6,2000,1,"Mauritius",12
"545",38,1986,0,13.1367,0,0,0,4.336,1,5,6,2000,1,"Mauritius",12
"546",38,1987,0,12.1752,0,0,0,0.719,1,5,6,2000,1,"Mauritius",12
"547",38,1988,0,13.8337,0,0,0,3.6,1,5,6,2000,1,"Mauritius",12
"548",38,1989,0,14.996,0,0,0,13.61,1,5,6,2000,1,"Mauritius",12
"549",38,1990,0,14.322,0,0,0,10.705,1,5,6,2000,1,"Mauritius",12
"550",38,1991,0,14.7939,0,0,0,12.817,1,5,6,2000,1,"Mauritius",12
"551",38,1992,0,16.998,0,0,0,2.857,1,5,6,2000,1,"Mauritius",12
"552",38,1993,0,18.6558,0,0,0,15.288,1,5,6,2000,1,"Mauritius",12
"553",38,1994,0,17.8626,0,0,0,7.335,1,5,6,2000,1,"Mauritius",12
"554",38,1995,0,17.6641,0,0,0,6.026,1,5,6,2000,1,"Mauritius",12
"555",38,1996,0,17.9715,0,0,0,6.553,1,5,6,2000,1,"Mauritius",12
"556",38,1997,0,22.265,0,0,0,6.831,1,5,6,2000,1,"Mauritius",12
"557",38,1998,0,24.7835,0,0,0,6.808,1,5,6,2000,1,"Mauritius",12
"558",38,1999,0,25.468,0,0,0,6.872,1,5,6,2000,1,"Mauritius",12
"559",38,2000,0,27.8817,0,0,0,4.23,1,5,6,2000,1,"Mauritius",12
"560",38,2001,0,30.3942,0,0,0,5.391,1,5,6,2014,1,"Mauritius",12
"561",38,2002,0,29.1968,0,0,0,6.414,1,5,6,2014,1,"Mauritius",12
"562",38,2003,0,26.0877,0,0,0,3.931,1,5,6,2014,1,"Mauritius",12
"563",38,2004,0,28.2044,0,0,0,4.703,1,5,6,2014,1,"Mauritius",12
"564",38,2005,0,30.6666,0,0,0,4.921,1,5,6,2014,1,"Mauritius",12
"565",38,2006,0,34.3368,0,0,0,8.93,1,5,6,2014,1,"Mauritius",12
"566",38,2007,0,28.2162,0,0,0,8.827,1,5,6,2014,1,"Mauritius",12
"567",38,2008,0,31.7555,0,0,0,9.731,1,5,6,2014,1,"Mauritius",12
"568",38,2009,0,30.2905,0,0,0,2.516,1,5,6,2014,1,"Mauritius",12
"569",38,2010,0,30.39,0,0,0,2.929,1,5,6,2014,1,"Mauritius",12
"570",38,2011,0,29.33,0,0,0,6.526,1,5,6,2014,1,"Mauritius",12
"571",38,2012,0,30.52,0,0,0,4.902,1,5,6,2014,1,"Mauritius",12
"572",38,2013,0,30.12512987,0,0,0,4.131,1,5,6,2014,1,"Mauritius",12
"573",38,2014,0,31.7374584,0,0,0,3.772,1,5,6,2014,1,"Mauritius",12
"574",40,1940,2,0.917,0,0,0,25,0,8,10,1940,2,"Morocco",22
"575",40,1941,2,0.917,0,0,0,32,0,8,10,1960,2,"Morocco",22
"576",40,1942,2,0.75,0,0,0,38.1935295,0,8,10,1960,2,"Morocco",22
"577",40,1943,2,0.5,0,0,0,28.50635593,0,8,10,1960,2,"Morocco",22
"578",40,1944,2,0.5674,0,0,0,34.8116396,0,8,10,1960,2,"Morocco",22
"579",40,1945,2,0.5657,0,0,0,18.98618075,0,8,10,1960,2,"Morocco",22
"580",40,1946,2,1.2228,0,0,0,56.75522894,0,8,10,1960,2,"Morocco",22
"581",40,1947,2,1.2228,0,0,0,57.47303544,0,8,10,1960,2,"Morocco",22
"582",40,1948,2,1.2228,0,0,0,40.14656285,0,8,10,1960,2,"Morocco",22
"583",40,1949,2,2.197,0,0,0,22.99979203,0,8,10,1960,2,"Morocco",22
"584",40,1950,2,3.5824,0,0,0,1.625584232,0,8,10,1960,2,"Morocco",22
"585",40,1951,2,3.5824,0,0,0,23.2010648,0,8,10,1960,2,"Morocco",22
"586",40,1952,2,3.5824,0,0,0,5.194366741,0,8,10,1960,2,"Morocco",22
"587",40,1953,2,3.5824,0,0,0,-1.234239604,0,8,10,1960,2,"Morocco",22
"588",40,1954,2,3.5824,0,0,0,2.49932689,0,8,10,1960,2,"Morocco",22
"589",40,1955,2,3.5824,0,0,0,5.86226574,0,8,10,1960,2,"Morocco",22
"590",40,1956,2,3.5824,0,0,0,5.714750199,1,8,10,1960,2,"Morocco",22
"591",40,1957,2,3.5875,0,0,0,2.317242942,1,8,10,1960,2,"Morocco",22
"592",40,1958,2,4.2958,0,0,0,4.383973421,1,8,10,1960,2,"Morocco",22
"593",40,1959,2,4.908,0,0,0,-2.171161818,1,8,10,1960,2,"Morocco",22
"594",40,1960,2,5.0605,0,0,0,2.219347442,1,8,10,1960,2,"Morocco",22
"595",40,1961,2,5.0605,0,0,0,2.27574134,1,8,10,1980,2,"Morocco",22
"596",40,1962,2,5.0241,0,0,0,5.408269117,1,8,10,1980,2,"Morocco",22
"597",40,1963,2,5.0226,0,0,0,5.738828475,1,8,10,1980,2,"Morocco",22
"598",40,1964,2,5.0226,0,0,0,4.233330742,1,8,10,1980,2,"Morocco",22
"599",40,1965,2,5.0235,0,0,0,2.481368989,1,8,10,1980,2,"Morocco",22
"600",40,1966,2,5.0265,0,0,0,-0.234959675,1,8,10,1980,2,"Morocco",22
"601",40,1967,2,5.0276,0,0,0,-1.126519599,1,8,10,1980,2,"Morocco",22
"602",40,1968,2,5.0409,0,0,0,1.138535071,1,8,10,1980,2,"Morocco",22
"603",40,1969,2,5.0493,0,0,0,1.691647635,1,8,10,1980,2,"Morocco",22
"604",40,1970,2,5.0269,0,0,0,1.915840245,1,8,10,1980,2,"Morocco",22
"605",40,1971,2,4.76,0,0,0,4.397441072,1,8,10,1980,2,"Morocco",22
"606",40,1972,2,4.5569,0,0,0,3.211368966,1,8,10,1980,2,"Morocco",22
"607",40,1973,2,3.8851,0,0,0,7.193348119,1,8,10,1980,2,"Morocco",22
"608",40,1974,2,4.1548,0,0,0,15.97890765,1,8,10,1980,2,"Morocco",22
"609",40,1975,2,3.8379,0,0,0,7.00696628,1,8,10,1980,2,"Morocco",22
"610",40,1976,2,4.2041,0,0,0,10.97328486,1,8,10,1980,2,"Morocco",22
"611",40,1977,2,4.32,0,0,0,10.81415052,1,8,10,1980,2,"Morocco",22
"612",40,1978,2,3.88645,0,0,0,9.720054887,1,8,10,1980,2,"Morocco",22
"613",40,1979,2,3.7388,0,0,0,8.651393052,1,8,10,1980,2,"Morocco",22
"614",40,1980,2,4.334149999,0,0,0,9.408,1,8,10,1980,2,"Morocco",22
"615",40,1981,2,5.333349999,0,0,0,12.493,1,8,10,2000,2,"Morocco",22
"616",40,1982,2,6.267549999,0,0,0,10.528,1,8,10,2000,2,"Morocco",22
"617",40,1983,2,8.060999999,0,1,0.13,6.208,1,8,10,2000,2,"Morocco",22
"618",40,1984,2,9.551199999,0,0,0,12.448,1,8,10,2000,2,"Morocco",22
"619",40,1985,2,9.621299999,0,0,0,7.729,1,8,10,2000,2,"Morocco",22
"620",40,1986,2,8.7117,0,1,0.13,8.734,1,8,10,2000,2,"Morocco",22
"621",40,1987,2,7.8003,0,1,0.13,2.699,1,8,10,2000,2,"Morocco",22
"622",40,1988,2,8.2106,0,1,0.13,2.369,1,8,10,2000,2,"Morocco",22
"623",40,1989,2,8.1218,0,1,0.13,3.138,1,8,10,2000,2,"Morocco",22
"624",40,1990,2,8.0429,0,1,0.13,6.026,1,8,10,2000,2,"Morocco",22
"625",40,1991,2,8.1499,0,0,0,8.991,1,8,10,2000,2,"Morocco",22
"626",40,1992,2,9.0487,0,0,0,5.74,1,8,10,2000,2,"Morocco",22
"627",40,1993,2,9.6512,0,0,0,5.183,1,8,10,2000,2,"Morocco",22
"628",40,1994,2,8.9596,0,0,0,5.142,1,8,10,2000,2,"Morocco",22
"629",40,1995,2,8.4689,0,0,0,6.124,1,8,10,2000,2,"Morocco",22
"630",40,1996,2,8.7995,0,0,0,2.987,1,8,10,2000,2,"Morocco",22
"631",40,1997,2,9.7141,0,0,0,1.041,1,8,10,2000,2,"Morocco",22
"632",40,1998,2,9.2551,0,0,0,2.745,1,8,10,2000,2,"Morocco",22
"633",40,1999,2,10.087,0,0,0,0.69,1,8,10,2000,2,"Morocco",22
"634",40,2000,2,10.619,0,0,0,1.923,1,8,10,2000,2,"Morocco",22
"635",40,2001,2,11.56,0,0,0,0.613,1,8,10,2014,2,"Morocco",22
"636",40,2002,2,10.167,0,0,0,2.779,1,8,10,2014,2,"Morocco",22
"637",40,2003,2,8.7499,0,0,0,1.163,1,8,10,2014,2,"Morocco",22
"638",40,2004,2,8.2177,0,0,0,1.493,1,8,10,2014,2,"Morocco",22
"639",40,2005,2,9.2494,0,0,0,0.983,1,8,10,2014,2,"Morocco",22
"640",40,2006,2,8.4566,0,0,0,3.285,1,8,10,2014,2,"Morocco",22
"641",40,2007,2,7.7132,0,0,0,2.036,1,8,10,2014,2,"Morocco",22
"642",40,2008,2,8.0982,0,0,0,3.891,1,8,10,2014,2,"Morocco",22
"643",40,2009,2,7.8601,0,0,0,0.972,1,8,10,2014,2,"Morocco",22
"644",40,2010,2,8.3569,0,0,0,0.994,1,8,10,2014,2,"Morocco",22
"645",40,2011,2,8.5772,0,0,0,0.907,1,8,10,2014,2,"Morocco",22
"646",40,2012,2,8.4335,0,0,0,1.287,1,8,10,2014,2,"Morocco",22
"647",40,2013,2,8.15,0,0,0,1.881,1,8,10,2014,2,"Morocco",22
"648",40,2014,2,8.82,0,0,0,0.443,1,8,10,2014,2,"Morocco",22
"649",45,1954,10,0,0,0,0,3.10291645,0,10,12,1960,11,"Nigeria",43
"650",45,1955,10,0,0,0,0,6.173562277,0,10,12,1960,11,"Nigeria",43
"651",45,1956,10,0,0,0,0,6.862909067,0,10,12,1960,11,"Nigeria",43
"652",45,1957,10,0,0,0,0,1.546396847,0,10,12,1960,11,"Nigeria",43
"653",45,1958,10,0,0,0,0,-3.399990138,0,10,12,1960,11,"Nigeria",43
"654",45,1959,10,0,0,0,0,4.707596881,0,10,12,1960,11,"Nigeria",43
"655",45,1960,10,0,0,0,0,4.325727898,1,10,12,1960,11,"Nigeria",43
"656",45,1961,10,0,0,0,0,6.217386806,1,10,12,1980,11,"Nigeria",43
"657",45,1962,10,0,0,0,0,2.911602856,1,10,12,1980,11,"Nigeria",43
"658",45,1963,10,0,0,0,0,-1.028492383,1,10,12,1980,11,"Nigeria",43
"659",45,1964,10,0,0,0,0,0.938030761,1,10,12,1980,11,"Nigeria",43
"660",45,1965,10,0,0,0,0,4.601492449,1,10,12,1980,11,"Nigeria",43
"661",45,1966,10,0,0,0,0,8.140460297,1,10,12,1980,11,"Nigeria",43
"662",45,1967,10,0,0,0,0,-4.55304656,1,10,12,1980,11,"Nigeria",43
"663",45,1968,10,0,0,0,0,2.733415482,1,10,12,1980,11,"Nigeria",43
"664",45,1969,10,0,0,0,0,11.00320434,1,10,12,1980,11,"Nigeria",43
"665",45,1970,10,0,0,0,0,13.41347233,1,10,12,1980,11,"Nigeria",43
"666",45,1971,10,0,0,0,0,15.47842436,1,10,12,1980,11,"Nigeria",43
"667",45,1972,10,0,0,0,0,-0.008248214,1,10,12,1980,11,"Nigeria",43
"668",45,1973,10,0.657894999,0,0,0,11.67346946,1,10,12,1980,11,"Nigeria",43
"669",45,1974,10,0.616218881,0,0,0,11.25943742,1,10,12,1980,11,"Nigeria",43
"670",45,1975,10,0.614665929,0,0,0,38.50391131,1,10,12,1980,11,"Nigeria",43
"671",45,1976,10,0.631074088,0,0,0,18.33643443,1,10,12,1980,11,"Nigeria",43
"672",45,1977,10,0.651380928,0,0,0,22.3551061,1,10,12,1980,11,"Nigeria",43
"673",45,1978,10,0.64808814,0,0,0,15.78133117,1,10,12,1980,11,"Nigeria",43
"674",45,1979,10,0.570613409,0,0,0,10.06822352,1,10,12,1980,11,"Nigeria",43
"675",45,1980,10,0.544454729,0,0,0,9.97,1,10,12,1980,11,"Nigeria",43
"676",45,1981,10,0.636902109,0,0,0,20.555,1,10,12,2000,11,"Nigeria",43
"677",45,1982,10,0.670241287,0,0,0,5.882,1,10,12,2000,11,"Nigeria",43
"678",45,1983,10,0.748559024,0,0,0,22.222,1,10,12,2000,11,"Nigeria",43
"679",45,1984,10,0.808276754,0,0,0,40.909,1,10,12,2000,11,"Nigeria",43
"680",45,1985,10,0.99960016,0,0,0,3.226,1,10,12,2000,11,"Nigeria",43
"681",45,1986,10,3.316749585,0,0,0,6.25,1,10,12,2000,11,"Nigeria",43
"682",45,1987,10,4.140786749,0,1,0,11.765,1,10,12,2000,11,"Nigeria",43
"683",45,1988,10,5.353319058,0,1,0,34.211,1,10,12,2000,11,"Nigeria",43
"684",45,1989,10,7.651109411,0,1,0,49.02,1,10,12,2000,11,"Nigeria",43
"685",45,1990,10,9.00090009,0,1,0,7.895,1,10,12,2000,11,"Nigeria",43
"686",45,1992,10,19.64636542,0,1,0,44.565,1,10,12,2000,11,"Nigeria",43
"687",45,1993,10,21.88183807,0,1,0,57.143,1,10,12,2000,11,"Nigeria",43
"688",45,1994,10,21.99736032,0,1,0,57.416,1,10,12,2000,11,"Nigeria",43
"689",45,1995,10,21.88662727,0,0,0,72.729,1,10,12,2000,11,"Nigeria",43
"690",45,1996,10,21.8861,0,0,0,29.292,1,10,12,2000,11,"Nigeria",43
"691",45,1997,10,21.886,0,0,0,10.673,1,10,12,2000,11,"Nigeria",43
"692",45,1998,10,21.886,0,0,0,7.862,1,10,12,2000,11,"Nigeria",43
"693",45,1999,10,97.95,0,0,0,6.618,1,10,12,2000,11,"Nigeria",43
"694",45,2000,10,109.55,0,0,0,6.938,1,10,12,2000,11,"Nigeria",43
"695",45,2001,10,112.95,0,0,0,18.869,1,10,12,2014,11,"Nigeria",43
"696",45,2002,10,126.4,0,0,0,12.883,1,10,12,2014,11,"Nigeria",43
"697",45,2003,10,136.5,0,0,0,14.033,1,10,12,2014,11,"Nigeria",43
"698",45,2004,10,132.35,0,1,0,15.001,1,10,12,2014,11,"Nigeria",43
"699",45,2005,10,129,0,1,0,17.856,1,10,12,2014,11,"Nigeria",43
"700",45,2006,10,128.27,0,0,0,8.218,1,10,12,2014,11,"Nigeria",43
"701",45,2007,10,117.968,0,0,0,5.413,1,10,12,2014,11,"Nigeria",43
"702",45,2008,10,132.5625,0,0,0,11.581,1,10,12,2014,11,"Nigeria",43
"703",45,2009,10,149.581,0,0,0,12.543,1,10,12,2014,11,"Nigeria",43
"704",45,2010,10,150.6617,0,0,0,13.72,1,10,12,2014,11,"Nigeria",43
"705",45,2011,10,158.267,0,0,0,10.841,1,10,12,2014,11,"Nigeria",43
"706",45,2012,10,155.27,0,0,0,12.225,1,10,12,2014,11,"Nigeria",43
"707",45,2013,10,155.2,0,0,0,8.495,1,10,12,2014,11,"Nigeria",43
"708",45,2014,10,155.25,0,0,0,8.048,1,10,12,2014,11,"Nigeria",43
"709",56,1900,0,0.2061,0,0,0,4.109589041,0,16,1,1900,3,"South Africa",20
"710",56,1901,0,0.2045,0,0,0,9.204368175,0,16,1,1920,3,"South Africa",20
"711",56,1902,0,0.2049,0,0,0,2.414285714,0,16,1,1920,3,"South Africa",20
"712",56,1903,0,0.2047,0,0,0,-8.236853118,0,16,1,1920,3,"South Africa",20
"713",56,1904,0,0.20455,0,0,0,-5.130348864,0,16,1,1920,3,"South Africa",20
"714",56,1905,0,0.20485,0,0,0,-6.753725365,0,16,1,1920,3,"South Africa",20
"715",56,1906,0,0.2053,0,0,0,-7.251482086,0,16,1,1920,3,"South Africa",20
"716",56,1907,0,0.20405,0,0,0,-1.556276054,0,16,1,1920,3,"South Africa",20
"717",56,1908,0,0.2052,0,0,0,-1.590288887,0,16,1,1920,3,"South Africa",20
"718",56,1909,0,0.2049,0,0,0,4.838401224,0,16,1,1920,3,"South Africa",20
"719",56,1910,0,0.2048,0,0,0,15.38672018,1,16,1,1920,3,"South Africa",20
"720",56,1911,0,0.2051,0,0,0,3.999683819,1,16,1,1920,3,"South Africa",20
"721",56,1912,0,0.20485,0,0,0,2.561374173,1,16,1,1920,3,"South Africa",20
"722",56,1913,0,0.20485,0,0,0,1.252408478,1,16,1,1920,3,"South Africa",20
"723",56,1914,0,0.18925,0,0,0,1.236917222,1,16,1,1920,3,"South Africa",20
"724",56,1915,0,0.2063,0,0,0,4.87275882,1,16,1,1920,3,"South Africa",20
"725",56,1916,0,0.20965,0,0,0,5.81828209,1,16,1,1920,3,"South Africa",20
"726",56,1917,0,0.20985,0,0,0,9.889250814,1,16,1,1920,3,"South Africa",20
"727",56,1918,0,0.2098,0,0,0,7.001422812,1,16,1,1920,3,"South Africa",20
"728",56,1919,0,0.20985,0,0,0,0.93079949,1,16,1,1920,3,"South Africa",20
"729",56,1920,0,0.2532,0,0,0,35.18691332,1,16,1,1920,3,"South Africa",20
"730",56,1921,0,0.2406,0,0,0,-18.07365899,1,16,1,1940,3,"South Africa",20
"731",56,1922,0,0.21695,0,0,0,-3.95519429,1,16,1,1940,3,"South Africa",20
"732",56,1923,0,0.21295,0,0,0,0.758592218,1,16,1,1940,3,"South Africa",20
"733",56,1924,0,0.21295,0,0,0,0,1,16,1,1940,3,"South Africa",20
"734",56,1925,0,0.20575,0,0,0,-1.505761844,1,16,1,1940,3,"South Africa",20
"735",56,1926,0,0.2056,0,0,0,-1.523581717,1,16,1,1940,3,"South Africa",20
"736",56,1927,0,0.2065,0,0,0,2.323371,1,16,1,1940,3,"South Africa",20
"737",56,1928,0,0.2065,0,0,0,-0.758592218,1,16,1,1940,3,"South Africa",20
"738",56,1929,0,0.2065,0,0,0,-1.523581717,1,16,1,1940,3,"South Africa",20
"739",56,1930,0,0.2065,0,0,0,-2.328651389,1,16,1,1940,3,"South Africa",20
"740",56,1931,0,0.2065,0,0,0,-3.968211061,1,16,1,1940,3,"South Africa",20
"741",56,1932,0,0.2084,0,0,0,-5.432640883,1,16,1,1940,3,"South Africa",20
"742",56,1933,0,0.19635,0,0,0,2.39909513,1,16,1,1940,3,"South Africa",20
"743",56,1934,0,0.1963,0,0,0,-1.453403872,1,16,1,1940,3,"South Africa",20
"744",56,1935,0,0.20385,0,0,0,-0.44835113,1,16,1,1940,3,"South Africa",20
"745",56,1936,0,0.2008,0,0,0,0.906666667,1,16,1,1940,3,"South Africa",20
"746",56,1937,0,0.202,0,0,0,5.63777308,1,16,1,1940,3,"South Africa",20
"747",56,1938,0,0.2012,0,0,0,-0.32243718,1,16,1,1940,3,"South Africa",20
"748",56,1939,0,0.21565,0,0,0,0.858895706,1,16,1,1940,3,"South Africa",20
"749",56,1940,0,0.25125,0,0,0,3.926122539,1,16,1,1940,3,"South Africa",20
"750",56,1941,0,0.25125,0,0,0,6.02851974,1,16,1,1960,3,"South Africa",20
"751",56,1942,0,0.25125,0,0,0,8.671651528,1,16,1,1960,3,"South Africa",20
"752",56,1943,0,0.25125,0,0,0,4.964211498,1,16,1,1960,3,"South Africa",20
"753",56,1944,0,0.25125,0,0,0,3.884733832,1,16,1,1960,3,"South Africa",20
"754",56,1945,0,0.2497,0,0,0,0.762291958,1,16,1,1960,3,"South Africa",20
"755",56,1946,0,0.2497,0,0,0,6.060606061,1,16,1,1960,3,"South Africa",20
"756",56,1947,0,0.3077,0,0,0,4.287695661,1,16,1,1960,3,"South Africa",20
"757",56,1948,0,0.28985,0,0,0,6.847285025,1,16,1,1960,3,"South Africa",20
"758",56,1949,0,0.31745,0,0,0,2.564102564,1,16,1,1960,3,"South Africa",20
"759",56,1950,0,0.35715,0,0,0,6.875866852,1,16,1,1960,3,"South Africa",20
"760",56,1951,0,0.35715,0,0,0,7.653375726,1,16,1,1960,3,"South Africa",20
"761",56,1952,0,0.35715,0,0,0,6.609004882,1,16,1,1960,3,"South Africa",20
"762",56,1953,0,0.35715,0,0,0,0.777385159,1,16,1,1960,3,"South Africa",20
"763",56,1954,0,0.35715,0,0,0,3.8457223,1,16,1,1960,3,"South Africa",20
"764",56,1955,0,0.35715,0,0,0,1.699035682,1,16,1,1960,3,"South Africa",20
"765",56,1956,0,0.35715,0,0,0,1.888446215,1,16,1,1960,3,"South Africa",20
"766",56,1957,0,0.3568,0,0,0,3.263731394,1,16,1,1960,3,"South Africa",20
"767",56,1958,0,0.3554,0,0,0,3.160578598,1,16,1,1960,3,"South Africa",20
"768",56,1959,0,0.35555,0,0,0,0.785513275,1,16,1,1960,3,"South Africa",20
"769",56,1960,0,0.3557,0,0,0,1.583062206,1,16,1,1960,3,"South Africa",20
"770",56,1961,0,0.3557,0,0,0,2.079449304,1,16,1,1980,3,"South Africa",20
"771",56,1962,0,0.3557,0,0,0,1.325278636,1,16,1,1980,3,"South Africa",20
"772",56,1963,0,0.3573,0,0,0,1.005222535,1,16,1,1980,3,"South Africa",20
"773",56,1964,0,0.3576,0,0,0,4.141937863,1,16,1,1980,3,"South Africa",20
"774",56,1965,0,0.3571,0,0,0,3.489437844,1,16,1,1980,3,"South Africa",20
"775",56,1966,0,0.3571,0,0,0,3.638360819,1,16,1,1980,3,"South Africa",20
"776",56,1967,0,0.7093,0,0,0,2.151507653,1,16,1,1980,3,"South Africa",20
"777",56,1968,0,0.7119,0,0,0,3.045535464,1,16,1,1980,3,"South Africa",20
"778",56,1969,0,0.7149,0,0,0,3.812391596,1,16,1,1980,3,"South Africa",20
"779",56,1970,0,0.7131,0,0,0,4.882526907,1,16,1,1980,3,"South Africa",20
"780",56,1971,0,0.696,0,0,0,6.705448811,1,16,1,1980,3,"South Africa",20
"781",56,1972,0,0.7394,0,0,0,8.431511329,1,16,1,1980,3,"South Africa",20
"782",56,1973,0,0.6667,0,0,0,10.76861601,1,16,1,1980,3,"South Africa",20
"783",56,1974,0,0.6678,0,0,0,13.81223876,1,16,1,1980,3,"South Africa",20
"784",56,1975,0,0.6725,0,0,0,11.25107466,1,16,1,1980,3,"South Africa",20
"785",56,1976,0,0.8673,0,0,0,11.31771632,1,16,1,1980,3,"South Africa",20
"786",56,1977,0,0.8681,0,0,0,10.21066965,1,16,1,1980,3,"South Africa",20
"787",56,1978,0,0.8684,0,0,0,12.23442663,1,16,1,1980,3,"South Africa",20
"788",56,1979,0,0.8244,0,0,0,13.89287442,1,16,1,1980,3,"South Africa",20
"789",56,1980,0,0.745378653,0,0,0,14.236,1,16,1,1980,3,"South Africa",20
"790",56,1981,0,0.956571648,0,0,0,15.741,1,16,1,2000,3,"South Africa",20
"791",56,1982,0,1.076310408,0,0,0,14.4,1,16,1,2000,3,"South Africa",20
"792",56,1983,0,1.221896383,0,0,0,12.587,1,16,1,2000,3,"South Africa",20
"793",56,1984,0,1.984914649,0,0,0,11.18,1,16,1,2000,3,"South Africa",20
"794",56,1985,0,2.557544764,0,1,0.36,16.201,1,16,1,2000,3,"South Africa",20
"795",56,1986,0,2.183406114,0,1,0.36,18.75,1,16,1,2000,3,"South Africa",20
"796",56,1987,0,1.929943067,0,1,0.36,16.194,1,16,1,2000,3,"South Africa",20
"797",56,1988,0,2.377725468,0,0,0,12.892,1,16,1,2000,3,"South Africa",20
"798",56,1989,0,2.536011361,0,1,0.36,14.506,1,16,1,2000,3,"South Africa",20
"799",56,1990,0,2.562525625,0,0,0,14.286,1,16,1,2000,3,"South Africa",20
"800",56,1991,0,2.743032697,0,0,0,15.566,1,16,1,2000,3,"South Africa",20
"801",56,1992,0,3.053,0,0,0,13.673,1,16,1,2000,3,"South Africa",20
"802",56,1993,0,3.3975,0,1,0.36,9.874,1,16,1,2000,3,"South Africa",20
"803",56,1994,0,3.5435,0,0,0,8.824,1,16,1,2000,3,"South Africa",20
"804",56,1995,0,3.6475,0,0,0,8.709,1,16,1,2000,3,"South Africa",20
"805",56,1996,0,4.6825,0,0,0,7.32,1,16,1,2000,3,"South Africa",20
"806",56,1997,0,4.8675,0,0,0,8.623,1,16,1,2000,3,"South Africa",20
"807",56,1998,0,5.86,0,0,0,6.872,1,16,1,2000,3,"South Africa",20
"808",56,1999,0,6.1545,0,0,0,5.211,1,16,1,2000,3,"South Africa",20
"809",56,2000,0,7.5685,0,0,0,5.374,1,16,1,2000,3,"South Africa",20
"810",56,2001,0,12.1265,0,0,0,5.7,1,16,1,2014,3,"South Africa",20
"811",56,2002,0,8.64,0,0,0,9.177,1,16,1,2014,3,"South Africa",20
"812",56,2003,0,6.64,0,0,0,5.806,1,16,1,2014,3,"South Africa",20
"813",56,2004,0,5.63,0,0,0,1.392,1,16,1,2014,3,"South Africa",20
"814",56,2005,0,6.325,0,0,0,3.393,1,16,1,2014,3,"South Africa",20
"815",56,2006,0,6.97,0,0,0,4.688,1,16,1,2014,3,"South Africa",20
"816",56,2007,0,6.81,0,0,0,7.09,1,16,1,2014,3,"South Africa",20
"817",56,2008,0,9.305,0,0,0,11.536,1,16,1,2014,3,"South Africa",20
"818",56,2009,0,7.38,0,0,0,7.13,1,16,1,2014,3,"South Africa",20
"819",56,2010,0,6.6316,0,0,0,4.257,1,16,1,2014,3,"South Africa",20
"820",56,2011,0,8.1429,0,0,0,5,1,16,1,2014,3,"South Africa",20
"821",56,2012,0,8.50115,0,0,0,5.654,1,16,1,2014,3,"South Africa",20
"822",56,2013,0,10.48985,0,0,0,5.752,1,16,1,2014,3,"South Africa",20
"823",63,1940,5,49.189,0,0,0,22.01300157,0,10,8,1940,5,"Tunisia",28
"824",63,1941,5,44.937,0,0,0,24.58203197,0,10,8,1960,5,"Tunisia",28
"825",63,1942,5,129.831,0,0,0,24.99631323,0,10,8,1960,5,"Tunisia",28
"826",63,1943,5,50,0,0,0,72.10948561,0,10,8,1960,5,"Tunisia",28
"827",63,1944,5,55.355,0,0,0,37.61310666,0,10,8,1960,5,"Tunisia",28
"828",63,1945,5,55.191,0,0,0,13.77833126,0,10,8,1960,5,"Tunisia",28
"829",63,1946,5,119.3,0,0,0,49.61253886,0,10,8,1960,5,"Tunisia",28
"830",63,1947,5,119.3,0,0,0,67.09975712,0,10,8,1960,5,"Tunisia",28
"831",63,1948,5,119.3,0,0,0,69.14172635,0,10,8,1960,5,"Tunisia",28
"832",63,1949,5,214.34,0,0,0,4.156960191,0,10,8,1960,5,"Tunisia",28
"833",63,1950,5,349.5,0,0,0,3.502982107,0,10,8,1960,5,"Tunisia",28
"834",63,1951,5,349.5,0,0,0,15.03591871,0,10,8,1960,5,"Tunisia",28
"835",63,1952,5,349.5,0,0,0,7.006177993,0,10,8,1960,5,"Tunisia",28
"836",63,1953,5,349.5,0,0,0,-0.595293824,0,10,8,1960,5,"Tunisia",28
"837",63,1954,5,349.5,0,0,0,4.192011553,0,10,8,1960,5,"Tunisia",28
"838",63,1955,5,349.5,0,0,0,0,0,10,8,1960,5,"Tunisia",28
"839",63,1956,5,349.5,0,1,0.06,4.807532957,1,10,8,1960,5,"Tunisia",28
"840",63,1957,5,350,0,0,0,5.504844321,1,10,8,1960,5,"Tunisia",28
"841",63,1958,5,0.4197,0,1,0.06,5.216941093,1,10,8,1960,5,"Tunisia",28
"842",63,1959,5,0.42,0,0,0,-8.264216667,1,10,8,1960,5,"Tunisia",28
"843",63,1960,5,0.42,0,0,0,1.801884462,1,10,8,1960,5,"Tunisia",28
"844",63,1961,5,0.42,0,0,0,-1.769991264,1,10,8,1980,5,"Tunisia",28
"845",63,1962,5,0.42,0,0,0,5.78395737,1,10,8,1980,5,"Tunisia",28
"846",63,1963,5,0.42,0,1,0.06,0.970776621,1,10,8,1980,5,"Tunisia",28
"847",63,1964,5,0.42,0,0,0,5.939573494,1,10,8,1980,5,"Tunisia",28
"848",63,1965,5,0.52,0,0,0,5.549985502,1,10,8,1980,5,"Tunisia",28
"849",63,1966,5,0.52,0,0,0,4.536102074,1,10,8,1980,5,"Tunisia",28
"850",63,1967,5,0.52,0,0,0,2.843700217,1,10,8,1980,5,"Tunisia",28
"851",63,1968,5,0.52,0,0,0,2.498763969,1,10,8,1980,5,"Tunisia",28
"852",63,1969,5,0.52,0,0,0,2.804694188,1,10,8,1980,5,"Tunisia",28
"853",63,1970,5,0.52,0,0,0,1.562639485,1,10,8,1980,5,"Tunisia",28
"854",63,1971,5,0.48,0,0,0,4.253194018,1,10,8,1980,5,"Tunisia",28
"855",63,1972,5,0.475,0,0,0,2.715966924,1,10,8,1980,5,"Tunisia",28
"856",63,1973,5,0.3865,0,0,0,5.784875818,1,10,8,1980,5,"Tunisia",28
"857",63,1974,5,0.425,0,0,0,4.685641394,1,10,8,1980,5,"Tunisia",28
"858",63,1975,5,0.4712,0,0,0,10.05684308,1,10,8,1980,5,"Tunisia",28
"859",63,1976,5,0.5587,0,0,0,3.293128476,1,10,8,1980,5,"Tunisia",28
"860",63,1977,5,0.4275,0,0,0,8.19487405,1,10,8,1980,5,"Tunisia",28
"861",63,1978,5,0.46,0,0,0,4.63026082,1,10,8,1980,5,"Tunisia",28
"862",63,1979,5,0.405,0,1,0.06,8.557119849,1,10,8,1980,5,"Tunisia",28
"863",63,1980,5,0.418699999,0,1,0.06,10.011,1,10,8,1980,5,"Tunisia",28
"864",63,1981,5,0.515649999,0,1,0.06,8.903,1,10,8,2000,5,"Tunisia",28
"865",63,1982,5,0.615749999,0,1,0.06,13.673,1,10,8,2000,5,"Tunisia",28
"866",63,1983,5,0.7271,0,0,0,8.972,1,10,8,2000,5,"Tunisia",28
"867",63,1984,5,0.8666,0,0,0,8.596,1,10,8,2000,5,"Tunisia",28
"868",63,1985,5,0.75695,0,0,0,7.551,1,10,8,2000,5,"Tunisia",28
"869",63,1986,5,0.8402,0,0,0,6.159,1,10,8,2000,5,"Tunisia",28
"870",63,1987,5,0.77785,0,0,0,8.224,1,10,8,2000,5,"Tunisia",28
"871",63,1988,5,0.89845,0,0,0,7.156,1,10,8,2000,5,"Tunisia",28
"872",63,1989,5,0.9046,0,0,0,7.722,1,10,8,2000,5,"Tunisia",28
"873",63,1990,5,0.83675,0,0,0,6.502,1,10,8,2000,5,"Tunisia",28
"874",63,1991,5,0.8645,0,0,0,7.693,1,10,8,2000,5,"Tunisia",28
"875",63,1992,5,0.95065,0,0,0,5.518,1,10,8,2000,5,"Tunisia",28
"876",63,1993,5,1.0466,0,0,0,4.04,1,10,8,2000,5,"Tunisia",28
"877",63,1994,5,0.9912,0,0,0,5.423,1,10,8,2000,5,"Tunisia",28
"878",63,1995,5,0.9508,0,0,0,6.232,1,10,8,2000,5,"Tunisia",28
"879",63,1996,5,0.9985,0,0,0,3.733,1,10,8,2000,5,"Tunisia",28
"880",63,1997,5,1.1475,0,0,0,3.599,1,10,8,2000,5,"Tunisia",28
"881",63,1998,5,1.101,0,0,0,3.102,1,10,8,2000,5,"Tunisia",28
"882",63,1999,5,1.2525,0,0,0,2.768,1,10,8,2000,5,"Tunisia",28
"883",63,2000,5,1.3853,0,0,0,2.77,1,10,8,2000,5,"Tunisia",28
"884",63,2001,5,1.4683,0,0,0,1.987,1,10,8,2014,5,"Tunisia",28
"885",63,2002,5,1.3341,0,0,0,2.706,1,10,8,2014,5,"Tunisia",28
"886",63,2003,5,1.2083,0,0,0,2.724,1,10,8,2014,5,"Tunisia",28
"887",63,2004,5,1.1994,0,0,0,3.621,1,10,8,2014,5,"Tunisia",28
"888",63,2005,5,1.3634,0,0,0,1.444,1,10,8,2014,5,"Tunisia",28
"889",63,2006,5,1.2971,0,0,0,4.143,1,10,8,2014,5,"Tunisia",28
"890",63,2007,5,1.2207,0,0,0,3.438,1,10,8,2014,5,"Tunisia",28
"891",63,2008,5,1.3099,0,0,0,4.913,1,10,8,2014,5,"Tunisia",28
"892",63,2009,5,1.3173,0,0,0,3.53,1,10,8,2014,5,"Tunisia",28
"893",63,2010,5,1.4379,0,0,0,4.409,1,10,8,2014,5,"Tunisia",28
"894",63,2011,5,1.4993,0,0,0,3.541,1,10,8,2014,5,"Tunisia",28
"895",63,2012,5,1.5506,0,0,0,5.139,1,10,8,2014,5,"Tunisia",28
"896",63,2013,5,1.653095696,0,0,0,5.805,1,10,8,2014,5,"Tunisia",28
"897",63,2014,5,1.862411798,0,0,0,4.924,1,10,8,2014,5,"Tunisia",28
"898",69,1943,4,0.0004976,0,0,0,2.857142857,0,19,20,1960,4,"Zambia",47
"899",69,1944,4,0.0004976,0,0,0,2.777777778,0,19,20,1960,4,"Zambia",47
"900",69,1945,4,0.0004968,0,0,0,2.702702703,0,19,20,1960,4,"Zambia",47
"901",69,1946,4,0.0004968,0,0,0,7.894736842,0,19,20,1960,4,"Zambia",47
"902",69,1947,4,0.0004958,0,0,0,2.43902439,0,19,20,1960,4,"Zambia",47
"903",69,1948,4,0.000496,0,0,0,4.761904762,0,19,20,1960,4,"Zambia",47
"904",69,1949,4,0.0007142,0,0,0,2.272727273,0,19,20,1960,4,"Zambia",47
"905",69,1950,4,0.000714,0,0,0,4.444444444,0,19,20,1960,4,"Zambia",47
"906",69,1951,4,0.000719,0,0,0,6.382978723,0,19,20,1960,4,"Zambia",47
"907",69,1952,4,0.0007118,0,0,0,4,0,19,20,1960,4,"Zambia",47
"908",69,1953,4,0.0007116,0,0,0,3.846153846,0,19,20,1960,4,"Zambia",47
"909",69,1954,4,0.000718,0,0,0,3.703703704,0,19,20,1960,4,"Zambia",47
"910",69,1955,4,0.0007136,0,0,0,3.571428571,0,19,20,1960,4,"Zambia",47
"911",69,1956,4,0.000718,0,0,0,3.103448276,0,19,20,1960,4,"Zambia",47
"912",69,1957,4,0.000712,0,0,0,3.177257525,0,19,20,1960,4,"Zambia",47
"913",69,1958,4,0.0007138,0,0,0,1.13452188,0,19,20,1960,4,"Zambia",47
"914",69,1959,4,0.0007144,0,0,0,2.083333333,0,19,20,1960,4,"Zambia",47
"915",69,1960,4,0.0007134,0,0,0,3.453689168,0,19,20,1960,4,"Zambia",47
"916",69,1961,4,0.0007122,0,0,0,0.151745068,0,19,20,1980,4,"Zambia",47
"917",69,1962,4,0.0007136,0,0,0,1.363636364,0,19,20,1980,4,"Zambia",47
"918",69,1963,4,0.000715,0,0,0,-0.448430493,0,19,20,1980,4,"Zambia",47
"919",69,1964,4,0.0007168,0,0,0,3.003003003,1,19,20,1980,4,"Zambia",47
"920",69,1965,4,0.0007136,0,0,0,8.163265306,1,19,20,1980,4,"Zambia",47
"921",69,1966,4,0.0007168,0,0,0,10.2425876,1,19,20,1980,4,"Zambia",47
"922",69,1967,4,0.0007104,0,0,0,5.012224939,1,19,20,1980,4,"Zambia",47
"923",69,1968,4,0.0007168,0,0,0,10.71012806,1,19,20,1980,4,"Zambia",47
"924",69,1969,4,0.0007126,0,0,0,2.523659306,1,19,20,1980,4,"Zambia",47
"925",69,1970,4,0.0007141,0,0,0,2.564102564,1,19,20,1980,4,"Zambia",47
"926",69,1971,4,0.0007143,0,0,0,6.52173913,1,19,20,1980,4,"Zambia",47
"927",69,1972,4,0.0007143,0,0,0,4.761904762,1,19,20,1980,4,"Zambia",47
"928",69,1973,4,0.0006429,0,0,0,6.493506494,1,19,20,1980,4,"Zambia",47
"929",69,1974,4,0.0006429,0,0,0,7.926829268,1,19,20,1980,4,"Zambia",47
"930",69,1975,4,0.0006429,0,0,0,10.16949153,1,19,20,1980,4,"Zambia",47
"931",69,1976,4,0.0007934,0,0,0,18.97435897,1,19,20,1980,4,"Zambia",47
"932",69,1977,4,0.0007589,0,0,0,19.82758621,1,19,20,1980,4,"Zambia",47
"933",69,1978,4,0.0007862,0,0,0,16.18705036,1,19,20,1980,4,"Zambia",47
"934",69,1979,4,0.0007775,0,0,0,9.59752322,1,19,20,1980,4,"Zambia",47
"935",69,1980,4,0.0008031,0,0,0,11.729,1,19,20,1980,4,"Zambia",47
"936",69,1981,4,0.00088,0,0,0,13.997,1,19,20,2000,4,"Zambia",47
"937",69,1982,4,0.0009285,0,0,0,12.495,1,19,20,2000,4,"Zambia",47
"938",69,1983,4,0.001236,0,1,0,19.692,1,19,20,2000,4,"Zambia",47
"939",69,1984,4,0.002105,0,1,0,20.019,1,19,20,2000,4,"Zambia",47
"940",69,1985,4,0.00563,0,1,0,37.43,1,19,20,2000,4,"Zambia",47
"941",69,1986,4,0.01448,0,1,0,54.8,1,19,20,2000,4,"Zambia",47
"942",69,1987,4,0.0077,0,1,0,47.028,1,19,20,2000,4,"Zambia",47
"943",69,1988,4,0.0095,0,1,0,54.042,1,19,20,2000,4,"Zambia",47
"944",69,1989,4,0.01841,0,1,0,128.294,1,19,20,2000,4,"Zambia",47
"945",69,1990,4,0.0459,0,1,0,109.558,1,19,20,2000,4,"Zambia",47
"946",69,1991,4,0.08733,0,1,0,97.701,1,19,20,2000,4,"Zambia",47
"947",69,1992,4,0.31496,0,1,0,165.725,1,19,20,2000,4,"Zambia",47
"948",69,1993,4,0.561,0,1,0,183.263,1,19,20,2000,4,"Zambia",47
"949",69,1994,4,0.699,0,1,0,54.614,1,19,20,2000,4,"Zambia",47
"950",69,1995,4,0.978,0,0,0,34.905,1,19,20,2000,4,"Zambia",47
"951",69,1996,4,1.287,0,0,0,43.095,1,19,20,2000,4,"Zambia",47
"952",69,1997,4,1.44,0,0,0,24.41,1,19,20,2000,4,"Zambia",47
"953",69,1998,4,2.425,0,0,0,24.456,1,19,20,2000,4,"Zambia",47
"954",69,1999,4,2.76,0,0,0,26.79,1,19,20,2000,4,"Zambia",47
"955",69,2000,4,4.45,0,0,0,26.1,1,19,20,2000,4,"Zambia",47
"956",69,2001,4,3.735,0,0,0,21.357,1,19,20,2014,4,"Zambia",47
"957",69,2002,4,4.5,0,0,0,22.239,1,19,20,2014,4,"Zambia",47
"958",69,2003,4,4.4,0,0,0,21.4,1,19,20,2014,4,"Zambia",47
"959",69,2004,4,4.6,0,0,0,17.969,1,19,20,2014,4,"Zambia",47
"960",69,2005,4,3.34,0,0,0,18.325,1,19,20,2014,4,"Zambia",47
"961",69,2006,4,4.41722,0,0,0,9.017,1,19,20,2014,4,"Zambia",47
"962",69,2007,4,3.83,0,0,0,10.655,1,19,20,2014,4,"Zambia",47
"963",69,2008,4,4.83226,0,0,0,12.449,1,19,20,2014,4,"Zambia",47
"964",69,2009,4,4.631,0,0,0,13.392,1,19,20,2014,4,"Zambia",47
"965",69,2010,4,4.7899,0,0,0,8.5,1,19,20,2014,4,"Zambia",47
"966",69,2011,4,5.11398,0,0,0,8.658,1,19,20,2014,4,"Zambia",47
"967",69,2012,4,5.1466133,0,0,0,6.575,1,19,20,2014,4,"Zambia",47
"968",69,2013,4,5.52,0,0,0,6.978,1,19,20,2014,4,"Zambia",47
"969",69,2014,4,6.3856,0,0,0,7.811,1,19,20,2014,4,"Zambia",47
"970",70,1921,15,4.81e-27,0,0,0,-17.24137931,0,21,19,1940,15,"Zimbabwe",70
"971",70,1922,15,4.34e-27,0,0,0,-13.88888889,0,21,19,1940,15,"Zimbabwe",70
"972",70,1923,15,4.59e-27,0,0,0,-4.032258065,0,21,19,1940,15,"Zimbabwe",70
"973",70,1927,15,4.1e-27,0,0,0,0.847457627,0,21,19,1940,15,"Zimbabwe",70
"974",70,1928,15,4.12e-27,0,0,0,0.840336134,0,21,19,1940,15,"Zimbabwe",70
"975",70,1929,15,4.1e-27,0,0,0,0,0,21,19,1940,15,"Zimbabwe",70
"976",70,1930,15,4.12e-27,0,0,0,-5,0,21,19,1940,15,"Zimbabwe",70
"977",70,1931,15,5.93e-27,0,0,0,-7.01754386,0,21,19,1940,15,"Zimbabwe",70
"978",70,1932,15,6.1e-27,0,0,0,-3.773584906,0,21,19,1940,15,"Zimbabwe",70
"979",70,1933,15,3.91e-27,0,0,0,-2.941176471,0,21,19,1940,15,"Zimbabwe",70
"980",70,1934,15,4.04e-27,0,0,0,-1.01010101,0,21,19,1940,15,"Zimbabwe",70
"981",70,1935,15,4.06e-27,0,0,0,0,0,21,19,1940,15,"Zimbabwe",70
"982",70,1936,15,4.08e-27,0,0,0,-1.020408163,0,21,19,1940,15,"Zimbabwe",70
"983",70,1937,15,4e-27,0,0,0,6.18556701,0,21,19,1940,15,"Zimbabwe",70
"984",70,1938,15,4.28e-27,0,0,0,-2.912621359,0,21,19,1940,15,"Zimbabwe",70
"985",70,1939,15,5.09e-27,0,0,0,0.906344411,0,21,19,1940,15,"Zimbabwe",70
"986",70,1940,15,4.96e-27,0,0,0,2.994011976,0,21,19,1940,15,"Zimbabwe",70
"987",70,1941,15,4.96e-27,0,0,0,3.779069767,0,21,19,1960,15,"Zimbabwe",70
"988",70,1942,15,4.96e-27,0,0,0,5.602240896,0,21,19,1960,15,"Zimbabwe",70
"989",70,1943,15,4.96e-27,0,0,0,6.100795756,0,21,19,1960,15,"Zimbabwe",70
"990",70,1944,15,4.96e-27,0,0,0,3,0,21,19,1960,15,"Zimbabwe",70
"991",70,1945,15,4.96e-27,0,0,0,2.669902913,0,21,19,1960,15,"Zimbabwe",70
"992",70,1946,15,4.96e-27,0,0,0,5.200945626,0,21,19,1960,15,"Zimbabwe",70
"993",70,1947,15,4.96e-27,0,0,0,2.921348315,0,21,19,1960,15,"Zimbabwe",70
"994",70,1948,15,4.96e-27,0,0,0,9.388646288,0,21,19,1960,15,"Zimbabwe",70
"995",70,1949,15,7.14e-27,0,0,0,3.79241517,0,21,19,1960,15,"Zimbabwe",70
"996",70,1950,15,7.14e-27,0,0,0,7.692307692,0,21,19,1960,15,"Zimbabwe",70
"997",70,1951,15,7.14e-27,0,0,0,6.964285714,0,21,19,1960,15,"Zimbabwe",70
"998",70,1952,15,7.14e-27,0,0,0,8.180300501,0,21,19,1960,15,"Zimbabwe",70
"999",70,1953,15,7.14e-27,0,0,0,2.777777778,0,21,19,1960,15,"Zimbabwe",70
"1000",70,1954,15,7.14e-27,0,0,0,0,0,21,19,1960,15,"Zimbabwe",70
"1001",70,1955,15,7.14e-27,0,0,0,1.651651652,0,21,19,1960,15,"Zimbabwe",70
"1002",70,1956,15,7.18e-27,0,0,0,4.431314623,0,21,19,1960,15,"Zimbabwe",70
"1003",70,1957,15,7.1e-27,0,0,0,2.97029703,0,21,19,1960,15,"Zimbabwe",70
"1004",70,1958,15,7.1e-27,0,0,0,3.571428571,0,21,19,1960,15,"Zimbabwe",70
"1005",70,1959,15,7.12e-27,0,0,0,2.652519894,0,21,19,1960,15,"Zimbabwe",70
"1006",70,1960,15,7.15e-27,0,0,0,2.454780362,0,21,19,1960,15,"Zimbabwe",70
"1007",70,1961,15,7.11e-27,0,0,0,2.90037831,0,21,19,1980,15,"Zimbabwe",70
"1008",70,1962,15,7.14e-27,0,0,0,2.083333333,0,21,19,1980,15,"Zimbabwe",70
"1009",70,1963,15,7.14e-27,0,0,0,1.080432173,0,21,19,1980,15,"Zimbabwe",70
"1010",70,1964,15,7.14e-27,0,0,0,2.500022554,0,21,19,1980,15,"Zimbabwe",70
"1011",70,1965,15,7.14e-27,1,1,0,2.500003432,1,21,19,1980,15,"Zimbabwe",70
"1012",70,1966,15,7.14e-27,1,1,0,3.121953195,1,21,19,1980,15,"Zimbabwe",70
"1013",70,1967,15,7.14e-27,1,1,0,2.365179967,1,21,19,1980,15,"Zimbabwe",70
"1014",70,1968,15,7.14e-27,1,1,0,1.38631904,1,21,19,1980,15,"Zimbabwe",70
"1015",70,1969,15,7.14e-27,1,1,0,0.364644862,1,21,19,1980,15,"Zimbabwe",70
"1016",70,1970,15,7.16e-27,1,1,0,2.088991186,1,21,19,1980,15,"Zimbabwe",70
"1017",70,1971,15,6.71e-27,1,1,0,3.024884047,1,21,19,1980,15,"Zimbabwe",70
"1018",70,1972,15,6.52e-27,1,1,0,2.84975748,1,21,19,1980,15,"Zimbabwe",70
"1019",70,1973,15,6.06e-27,1,1,0,3.106641376,1,21,19,1980,15,"Zimbabwe",70
"1020",70,1974,15,5.49e-27,1,1,0,6.596092646,1,21,19,1980,15,"Zimbabwe",70
"1021",70,1975,15,6.25e-27,1,1,0,10.00764002,1,21,19,1980,15,"Zimbabwe",70
"1022",70,1976,15,6.19e-27,1,1,0,11.0416805,1,21,19,1980,15,"Zimbabwe",70
"1023",70,1977,15,6.47e-27,1,1,0,10.25640067,1,21,19,1980,15,"Zimbabwe",70
"1024",70,1978,15,6.75e-27,1,1,0,8.229915112,1,21,19,1980,15,"Zimbabwe",70
"1025",70,1979,15,6.74e-27,1,1,0,12.55279758,1,21,19,1980,15,"Zimbabwe",70
"1026",70,1980,15,6.31e-27,1,1,0,7.2,1,21,19,1980,15,"Zimbabwe",70
"1027",70,1981,15,7.23e-27,0,0,0,13.2,1,21,19,2000,15,"Zimbabwe",70
"1028",70,1982,15,7.39e-27,0,0,0,10.4,1,21,19,2000,15,"Zimbabwe",70
"1029",70,1983,15,1.11e-26,0,0,0,23.2,1,21,19,2000,15,"Zimbabwe",70
"1030",70,1984,15,1.45e-26,0,0,0,20.3,1,21,19,2000,15,"Zimbabwe",70
"1031",70,1985,15,1.63e-26,0,0,0,8.3,1,21,19,2000,15,"Zimbabwe",70
"1032",70,1986,15,1.68e-26,0,0,0,14.5,1,21,19,2000,15,"Zimbabwe",70
"1033",70,1987,15,1.6e-26,0,0,0,12.5,1,21,19,2000,15,"Zimbabwe",70
"1034",70,1988,15,1.93e-26,0,0,0,7.4,1,21,19,2000,15,"Zimbabwe",70
"1035",70,1989,15,2.22e-26,0,0,0,12.8,1,21,19,2000,15,"Zimbabwe",70
"1036",70,1990,15,2.61e-26,0,0,0,17.4,1,21,19,2000,15,"Zimbabwe",70
"1037",70,1991,15,5.04e-26,0,0,0,24,1,21,19,2000,15,"Zimbabwe",70
"1038",70,1992,15,5.37e-26,0,0,0,41.6,1,21,19,2000,15,"Zimbabwe",70
"1039",70,1993,15,6.81e-26,0,0,0,28.2,1,21,19,2000,15,"Zimbabwe",70
"1040",70,1994,15,8.38e-26,0,0,0,21.11354311,1,21,19,2000,15,"Zimbabwe",70
"1041",70,1995,15,9.31e-26,0,0,0,25.80873955,1,21,19,2000,15,"Zimbabwe",70
"1042",70,1996,15,1.08e-25,0,0,0,16.40028408,1,21,19,2000,15,"Zimbabwe",70
"1043",70,1997,15,1.83e-25,0,0,0,20.0650384,1,21,19,2000,15,"Zimbabwe",70
"1044",70,1998,15,3.71e-25,0,0,0,46.61127497,1,21,19,2000,15,"Zimbabwe",70
"1045",70,1999,15,3.72e-25,0,0,0,56.92320336,1,21,19,2000,15,"Zimbabwe",70
"1046",70,2000,15,5.5e-25,1,1,0,55.20369616,1,21,19,2000,15,"Zimbabwe",70
"1047",70,2001,15,5.51e-25,1,1,0,112.1184112,1,21,19,2014,15,"Zimbabwe",70
"1048",70,2002,15,5.5e-25,1,1,0,198.928606,1,21,19,2014,15,"Zimbabwe",70
"1049",70,2003,15,7.95e-24,1,1,0,598.7447505,1,21,19,2014,15,"Zimbabwe",70
"1050",70,2004,15,5.6e-23,1,1,0,132.7467739,1,21,19,2014,15,"Zimbabwe",70
"1051",70,2005,15,8.46e-22,1,1,0,585.8443656,1,21,19,2014,15,"Zimbabwe",70
"1052",70,2006,15,3e-19,1,1,0,1281.113605,1,21,19,2014,15,"Zimbabwe",70
"1053",70,2007,15,1.9e-16,1,1,0,66279.89237,1,21,19,2014,15,"Zimbabwe",70
"1054",70,2008,15,0.002,1,1,0,21989695.22,1,21,19,2014,15,"Zimbabwe",70
"1055",70,2009,15,354.8,1,1,0,-7.67,1,21,19,2014,15,"Zimbabwe",70
"1056",70,2010,15,378.2,1,1,0,3.217,1,21,19,2014,15,"Zimbabwe",70
"1057",70,2011,15,361.9,1,1,0,4.92,1,21,19,2014,15,"Zimbabwe",70
"1058",70,2012,15,361.9,1,1,0,3.72,1,21,19,2014,15,"Zimbabwe",70
"1059",70,2013,15,361.9,1,1,0,1.632,1,21,19,2014,15,"Zimbabwe",70
