"","case","cc3","country","year","systemic_crisis","exch_usd","domestic_debt_in_default","sovereign_external_debt_default","gdp_weighted_default","inflation_annual_cpi","independence","currency_crises","inflation_crises","banking_crisis"
"1",1,"DZA","Algeria",1957,0,0.00564149585993466,0,0,0,1.42861086550965e-06,0,0,0,0
"2",2,"AGO","Angola",1957,0,3.86937558385611e-11,0,0,0,1.34256098057657e-06,0,0,0,0
"3",10,"CAF","Central African Republic",1957,0,0.282074593482054,0,0,0,1.60621930244823e-06,0,0,0,0
"4",15,"CIV","Ivory Coast",1957,0,0,0,0,0,1.88931613125164e-06,0,0,0,0
"5",19,"EGY","Egypt",1957,0,0.00047144579596358,0,0,0,1.44391849557601e-06,1,0,0,0
"6",35,"KEN","Kenya",1957,0,0.00959672321455757,0,0,0,1.41578914120958e-06,0,0,0,0
"7",38,"MUS","Mauritius",1957,0,0.00626485495356025,0,0,0,1.25404505729371e-06,0,0,0,0
"8",40,"MAR","Morocco",1957,0,0.00481992531495965,0,0,0,1.40153556322194e-06,1,0,0,0
"9",45,"NGA","Nigeria",1957,0,0,0,0,0,1.3664807301217e-06,0,0,0,0
"10",56,"ZAF","South Africa",1957,0,0.000479372641777729,0,0,0,1.44457787079978e-06,1,0,0,0
"11",63,"TUN","Tunisia",1957,0,0.470236616093625,0,0,0,1.5464942457083e-06,1,0,0,0
"12",69,"ZMB","Zambia",1957,0,9.56595630453316e-07,0,0,0,1.44064540352131e-06,0,0,0,0
"13",70,"ZWE","Zimbabwe",1957,0,9.53908564075638e-30,0,0,0,1.43123371205965e-06,0,0,0,0
"14",1,"DZA","Algeria",1958,0,0.00659137382444378,0,0,0,1.85387903618639e-06,0,0,0,0
"15",2,"AGO","Angola",1958,0,3.86937558385611e-11,0,0,0,1.38802739341711e-06,0,0,0,0
"16",10,"CAF","Central African Republic",1958,0,0.329568458119181,0,0,0,1.87669908232889e-06,0,0,0,0
"17",15,"CIV","Ivory Coast",1958,0,0,0,0,0,2.25818651191196e-06,0,0,1,0
"18",19,"EGY","Egypt",1958,0,0.00047144579596358,0,0,0,1.23519468385392e-06,1,0,0,0
"19",35,"KEN","Kenya",1958,0,0.00959672321455757,0,0,0,1.29615711593989e-06,0,0,0,0
"20",38,"MUS","Mauritius",1958,0,0.00639204724054764,0,0,0,1.3244690664158e-06,0,0,0,0
"21",40,"MAR","Morocco",1958,0,0.00577154987261426,0,0,0,1.49552175900663e-06,1,1,0,0
"22",45,"NGA","Nigeria",1958,0,0,0,0,0,1.14153988741249e-06,0,0,0,0
"23",56,"ZAF","South Africa",1958,0,0.000477491695313355,0,0,0,1.43988691618374e-06,1,0,0,0
"24",63,"TUN","Tunisia",1958,0,0.000563880879355698,0,1,0.15,1.53340161973273e-06,1,1,0,0
"25",69,"ZMB","Zambia",1958,0,9.59013990193226e-07,0,0,0,1.34775039170524e-06,0,0,0,0
"26",70,"ZWE","Zimbabwe",1958,0,9.53908564075638e-30,0,0,0,1.45857064219101e-06,0,0,0,0
"27",1,"DZA","Algeria",1959,0,0.00659540442401029,0,0,0,1.71652153687595e-06,0,0,0,0
"28",2,"AGO","Angola",1959,0,3.8828109157445e-11,0,0,0,1.29615711593989e-06,0,1,0,0
"29",10,"CAF","Central African Republic",1959,0,0.329769987963153,0,0,0,1.46776386069409e-06,0,1,0,0
"30",15,"CIV","Ivory Coast",1959,0,0,0,0,0,1.58485023310758e-06,0,0,0,0
"31",19,"EGY","Egypt",1959,0,0.00047144579596358,0,0,0,1.32774522071907e-06,1,0,0,0
"32",35,"KEN","Kenya",1959,0,0.00959672321455757,0,0,0,1.3351137534959e-06,0,0,0,0
"33",38,"MUS","Mauritius",1959,0,0.0063977572566002,0,0,0,1.26802033715094e-06,0,0,0,0
"34",40,"MAR","Morocco",1959,0,0.00659406089082146,0,0,0,1.19742182278956e-06,1,1,0,0
"35",45,"NGA","Nigeria",1959,0,0,0,0,0,1.51023879065693e-06,0,0,0,0
"36",56,"ZAF","South Africa",1959,0,0.000477693225291681,0,0,0,1.33187895059893e-06,1,0,0,0
"37",63,"TUN","Tunisia",1959,0,0.00056428393931235,0,0,0,9.20335356129402e-07,1,0,0,0
"38",69,"ZMB","Zambia",1959,0,9.5982011010653e-07,0,0,0,1.39089833958259e-06,0,0,0,0
"39",70,"ZWE","Zimbabwe",1959,0,9.56595630453316e-30,0,0,0,1.41678254659638e-06,0,0,0,0
"40",1,"DZA","Algeria",1960,0,0.00663310396528911,0,0,0,1.54102674018075e-06,0,1,0,0
"41",2,"AGO","Angola",1960,0,3.86937558385611e-11,0,0,0,1.25113158389998e-06,0,0,0,0
"42",10,"CAF","Central African Republic",1960,0,0.329340057611431,0,0,0,1.7922566144078e-06,1,0,0,0
"43",15,"CIV","Ivory Coast",1960,0,0,0,0,0,1.19827123618993e-06,1,0,0,0
"44",19,"EGY","Egypt",1960,0,0.00047144579596358,0,0,0,1.32917838233575e-06,1,0,0,0
"45",35,"KEN","Kenya",1960,0,0.00959672321455757,0,0,0,1.33463198577868e-06,0,0,0,0
"46",38,"MUS","Mauritius",1960,0,0.00638909146753219,0,0,0,1.38116846595145e-06,0,0,0,0
"47",40,"MAR","Morocco",1960,0,0.00679894970211939,0,0,0,1.39708368828086e-06,1,0,0,0
"48",45,"NGA","Nigeria",1960,0,0,0,0,0,1.49287299798826e-06,1,0,0,0
"49",56,"ZAF","South Africa",1960,0,0.000477894755270007,0,0,0,1.3681481161909e-06,1,0,0,0
"50",63,"TUN","Tunisia",1960,0,0.00056428393931235,0,0,0,1.37809923057347e-06,1,0,0,0
"51",69,"ZMB","Zambia",1960,0,9.58476576917691e-07,0,0,0,1.45321635013678e-06,0,0,0,0
"52",70,"ZWE","Zimbabwe",1960,0,9.60626230019833e-30,0,0,0,1.40779018568732e-06,0,0,0,0
"53",1,"DZA","Algeria",1961,0,0.00663310396528911,0,0,0,1.42893313740763e-06,0,0,0,0
"54",2,"AGO","Angola",1961,0,3.86937558385611e-11,0,0,0,1.38710869065143e-06,0,0,0,0
"55",10,"CAF","Central African Republic",1961,0,0.32925272808851,0,0,0,1.59435900023182e-06,1,0,0,0
"56",15,"CIV","Ivory Coast",1961,0,0,0,0,0,1.95238775541233e-06,1,0,0,0
"57",19,"EGY","Egypt",1961,0,0.00047144579596358,0,0,0,1.34970303879361e-06,1,0,0,0
"58",35,"KEN","Kenya",1961,0,0.00959672321455757,0,0,0,1.41076298242756e-06,0,0,0,0
"59",38,"MUS","Mauritius",1961,0,0.00637931054591744,0,0,0,1.26829059698117e-06,0,0,0,0
"60",40,"MAR","Morocco",1961,0,0.00679894970211939,0,0,0,1.39964824519447e-06,1,0,0,0
"61",45,"NGA","Nigeria",1961,0,0,0,0,0,1.57889767623811e-06,1,0,0,0
"62",56,"ZAF","South Africa",1961,0,0.000477894755270007,0,0,0,1.3907217103057e-06,1,0,0,0
"63",63,"TUN","Tunisia",1961,0,0.00056428393931235,0,0,0,1.21566536959666e-06,1,0,0,0
"64",69,"ZMB","Zambia",1961,0,9.56864337091084e-07,0,0,0,1.30305784238455e-06,0,0,0,0
"65",70,"ZWE","Zimbabwe",1961,0,9.55252097264477e-30,0,0,0,1.42805410321674e-06,0,0,0,0
"66",1,"DZA","Algeria",1970,0,0.00663310396528911,0,0,0,1.46243119110343e-06,1,0,0,0
"67",2,"AGO","Angola",1970,0,3.86937558385611e-11,0,0,0,1.6583914996753e-06,0,1,0,0
"68",10,"CAF","Central African Republic",1970,0,0.370848486191587,0,0,0,1.46598370772379e-06,1,0,0,0
"69",15,"CIV","Ivory Coast",1970,0,0.373502226497222,0,0,0,1.66337941454799e-06,1,0,0,0
"70",19,"EGY","Egypt",1970,0,0.000584168230507166,0,0,0,1.44935215524858e-06,1,0,0,0
"71",35,"KEN","Kenya",1970,0,0.00959672321455757,0,0,0,1.3794957624439e-06,1,0,0,0
"72",38,"MUS","Mauritius",1970,0,0.00748369482714304,0,0,0,1.2966677511867e-06,1,0,0,0
"73",40,"MAR","Morocco",1970,0,0.0067538069869744,0,0,0,1.38328145952914e-06,1,0,0,0
"74",45,"NGA","Nigeria",1970,0,0,0,0,0,1.90614533132146e-06,1,0,0,0
"75",56,"ZAF","South Africa",1970,0,0.000958073516961039,0,0,0,1.51819387132145e-06,1,0,0,0
"76",63,"TUN","Tunisia",1970,0,0.000698637258196242,0,0,0,1.36721937687348e-06,1,0,0,0
"77",69,"ZMB","Zambia",1970,0,9.59417050149878e-07,0,0,0,1.41276169889874e-06,1,0,0,0
"78",70,"ZWE","Zimbabwe",1970,0,9.61969763208672e-30,1,1,0,1.3911556349025e-06,1,0,0,0
"79",1,"DZA","Algeria",1971,0,0.00623936812896798,0,0,0,1.57687079583874e-06,1,0,0,0
"80",2,"AGO","Angola",1971,0,3.70815160119544e-11,0,0,0,1.55890523738098e-06,0,0,0,0
"81",10,"CAF","Central African Republic",1971,0,0.350964208969516,0,0,0,2.55581507572204e-06,1,0,1,0
"82",15,"CIV","Ivory Coast",1971,0,0.354692761853477,0,0,0,1.24739541417642e-06,1,0,0,0
"83",19,"EGY","Egypt",1971,0,0.000584168230507166,0,0,0,1.42999141373224e-06,1,0,0,0
"84",35,"KEN","Kenya",1971,0,0.00959672321455757,0,0,0,1.5514933633593e-06,1,0,0,0
"85",38,"MUS","Mauritius",1971,0,0.0070181068358828,0,0,0,1.3819333658298e-06,1,0,0,0
"86",40,"MAR","Morocco",1971,0,0.00639521797887329,0,0,0,1.49613421103969e-06,1,0,0,0
"87",45,"NGA","Nigeria",1971,0,0,0,0,0,2.0000506507376e-06,1,0,0,0
"88",56,"ZAF","South Africa",1971,0,0.000935099099431893,0,0,0,1.60109268019392e-06,1,0,0,0
"89",63,"TUN","Tunisia",1971,0,0.000644895930642685,0,0,0,1.48957446268529e-06,1,0,0,0
"90",69,"ZMB","Zambia",1971,0,9.59685756787646e-07,0,0,0,1.59273833780557e-06,1,0,0,0
"91",70,"ZWE","Zimbabwe",1971,0,9.0151076971092e-30,1,1,0,1.43371609963712e-06,1,0,0,0
"92",1,"DZA","Algeria",1972,0,0.00612113720835015,0,0,0,1.51144989427681e-06,1,0,0,0
"93",2,"AGO","Angola",1972,0,3.6275396098651e-11,0,0,0,2.01459608996375e-06,0,1,0,0
"94",10,"CAF","Central African Republic",1972,0,0.344011429688347,0,0,0,8.94900168672411e-07,1,0,0,0
"95",15,"CIV","Ivory Coast",1972,0,0.343272729748346,0,0,0,1.35048319293364e-06,1,0,0,0
"96",19,"EGY","Egypt",1972,0,0.000584168230507166,0,0,0,1.40639509321651e-06,1,0,0,0
"97",35,"KEN","Kenya",1972,0,0.00959672321455757,0,0,0,1.50194501883403e-06,1,0,0,0
"98",38,"MUS","Mauritius",1972,0,0.00762898450618408,0,0,0,1.54863551917744e-06,1,0,0,0
"99",40,"MAR","Morocco",1972,0,0.00612234638822011,0,0,0,1.44219664815862e-06,1,0,0,0
"100",45,"NGA","Nigeria",1972,0,0,0,0,0,1.29578202191396e-06,1,0,0,0
"101",56,"ZAF","South Africa",1972,0,0.000993408439827503,0,0,0,1.67958673222525e-06,1,0,0,0
"102",63,"TUN","Tunisia",1972,0,0.00063817826469849,0,0,0,1.41966785024102e-06,1,0,0,0
"103",69,"ZMB","Zambia",1972,0,9.59685756787646e-07,0,0,0,1.51270848430503e-06,1,0,0,0
"104",70,"ZWE","Zimbabwe",1972,0,8.75983639122981e-30,1,1,0,1.42575208111589e-06,1,0,0,0
"105",1,"DZA","Algeria",1973,0,0.00562268639529091,0,0,0,1.70367177457014e-06,1,0,0,0
"106",2,"AGO","Angola",1973,0,3.46631562720443e-11,0,0,0,2.00898326819483e-06,0,1,0,0
"107",10,"CAF","Central African Republic",1973,0,0.316301077284129,0,0,0,1.55287527035295e-06,1,0,0,0
"108",15,"CIV","Ivory Coast",1973,0,0.319760898943665,0,0,0,1.88427610567422e-06,1,0,0,0
"109",19,"EGY","Egypt",1973,0,0.000584168230507166,0,0,0,1.55720234554509e-06,1,0,0,0
"110",35,"KEN","Kenya",1973,0,0.0092703790029886,0,0,0,1.87201236132674e-06,1,0,0,0
"111",38,"MUS","Mauritius",1973,0,0.00771080567738437,0,0,0,2.24309783166329e-06,1,0,1,0
"112",40,"MAR","Morocco",1973,0,0.00521976079195812,0,0,0,1.62328028537556e-06,1,0,0,0
"113",45,"NGA","Nigeria",1973,0,0.000883903765927653,0,0,0,1.82701733080691e-06,1,1,0,0
"114",56,"ZAF","South Africa",1973,0,0.000895733576998913,0,0,0,1.78586840772658e-06,1,0,0,0
"115",63,"TUN","Tunisia",1973,0,0.000519275577486245,0,0,0,1.55922889851879e-06,1,0,0,0
"116",69,"ZMB","Zambia",1973,0,8.63757487104546e-07,0,0,0,1.59145443645434e-06,1,0,0,0
"117",70,"ZWE","Zimbabwe",1973,0,8.1418111243639e-30,1,1,0,1.4374340785455e-06,1,0,0,0
"118",1,"DZA","Algeria",1974,0,0.00537010215578919,0,0,0,1.69994444779534e-06,1,0,0,0
"119",2,"AGO","Angola",1974,0,3.30509164454376e-11,0,0,0,2.54288764500067e-06,0,0,1,0
"120",10,"CAF","Central African Republic",1974,0,0.298566451686313,0,0,0,1.73008638460979e-06,1,0,0,0
"121",15,"CIV","Ivory Coast",1974,0,0.298264367922242,0,0,0,2.12491618632575e-06,1,0,0,0
"122",19,"EGY","Egypt",1974,0,0.000525724536792672,0,0,0,1.78003791064439e-06,1,0,0,0
"123",35,"KEN","Kenya",1974,0,0.00959672321455757,0,0,0,2.04258584089365e-06,1,0,0,0
"124",38,"MUS","Mauritius",1974,0,0.00762777532631413,0,0,0,2.37839066878998e-06,1,0,1,0
"125",40,"MAR","Morocco",1974,0,0.00558211169298798,0,0,0,2.02281052240876e-06,1,0,0,0
"126",45,"NGA","Nigeria",1974,0,0.000827910518212685,0,0,0,1.8081888977974e-06,1,0,0,0
"127",56,"ZAF","South Africa",1974,0,0.000897211463506636,0,0,0,1.92427954869676e-06,1,0,0,0
"128",63,"TUN","Tunisia",1974,0,0.000571001605256544,0,0,0,1.50924034759883e-06,1,1,0,0
"129",69,"ZMB","Zambia",1974,0,8.63757487104546e-07,0,0,0,1.65663591813695e-06,1,0,0,0
"130",70,"ZWE","Zimbabwe",1974,0,7.37599720672571e-30,1,1,0,1.59611962248834e-06,1,0,0,0
"131",1,"DZA","Algeria",1975,0,0.00554207440396058,0,0,0,1.84636565756973e-06,1,0,0,0
"132",2,"AGO","Angola",1975,0,3.69471626930705e-11,0,0,0,2.61497472622235e-06,1,0,1,0
"133",10,"CAF","Central African Republic",1975,0,0.301320692708133,0,0,0,2.02503733119539e-06,1,0,0,0
"134",15,"CIV","Ivory Coast",1975,0,0.295577301544564,0,0,0,1.77900506683576e-06,1,0,0,0
"135",19,"EGY","Egypt",1975,0,0.000525724536792672,0,0,0,1.74633400656788e-06,1,0,0,0
"136",35,"KEN","Kenya",1975,0,0.00959672321455757,0,0,0,2.19360988294002e-06,1,0,0,0
"137",38,"MUS","Mauritius",1975,0,0.00885280888789746,0,0,0,1.98763235874583e-06,1,0,0,0
"138",40,"MAR","Morocco",1975,0,0.00515634602544492,0,0,0,1.61480442449822e-06,1,0,0,0
"139",45,"NGA","Nigeria",1975,0,0.000825824075660012,0,0,0,3.04715279903883e-06,1,0,1,0
"140",56,"ZAF","South Africa",1975,0,0.000903526069494179,0,0,0,1.80780859470193e-06,1,0,0,0
"141",63,"TUN","Tunisia",1975,0,0.000633072838580903,0,0,0,1.75349997331631e-06,1,0,0,0
"142",69,"ZMB","Zambia",1975,0,8.63757487104546e-07,0,0,0,1.75862275027446e-06,1,0,0,0
"143",70,"ZWE","Zimbabwe",1975,0,8.3970824302433e-30,1,1,0,1.75126242542249e-06,1,0,0,0
"144",1,"DZA","Algeria",1976,0,0.00585646117014888,0,0,0,2.07713642050076e-06,1,0,0,0
"145",2,"AGO","Angola",1976,0,4.01716423462839e-11,1,0,0,4.96604881033895e-06,1,0,1,0
"146",10,"CAF","Central African Republic",1976,1,0.333850967068478,0,0,0,1.77413085689323e-06,1,0,0,1
"147",15,"CIV","Ivory Coast",1976,0,0.331852697643215,0,0,0,1.88319735587728e-06,1,0,0,0
"148",19,"EGY","Egypt",1976,0,0.000525724536792672,0,0,0,1.76419043823394e-06,1,0,0,0
"149",35,"KEN","Kenya",1976,0,0.0111110194716979,0,0,0,1.72943256070633e-06,1,1,0,0
"150",38,"MUS","Mauritius",1976,0,0.00891971684070164,0,0,0,1.78545164169005e-06,1,0,0,0
"151",40,"MAR","Morocco",1976,0,0.00564834787919774,0,0,0,1.79517588482753e-06,1,0,0,0
"152",45,"NGA","Nigeria",1976,0,0.000847868981844258,0,0,0,2.13002090894157e-06,1,0,0,0
"153",56,"ZAF","South Africa",1976,0,0.00116524633468,0,0,0,1.81083917666113e-06,1,0,0,0
"154",63,"TUN","Tunisia",1976,0,0.000750631992604309,0,0,0,1.4459147262497e-06,1,0,0,0
"155",69,"ZMB","Zambia",1976,0,1.0659592320248e-06,0,0,0,2.15903102967164e-06,1,0,0,0
"156",70,"ZWE","Zimbabwe",1976,0,8.31647043891296e-30,1,1,0,1.79828623040823e-06,1,0,0,0
"157",1,"DZA","Algeria",1977,0,0.00542115641696507,0,0,0,1.81687210875597e-06,1,0,0,0
"158",2,"AGO","Angola",1977,0,4.01716423462839e-11,0,0,0,4.43441167802558e-06,1,0,1,0
"159",10,"CAF","Central African Republic",1977,1,0.316065958976082,0,0,0,1.80281670342639e-06,1,0,0,1
"160",15,"CIV","Ivory Coast",1977,0,0.317073832565987,0,0,0,2.40951523127418e-06,1,0,1,0
"161",19,"EGY","Egypt",1977,0,0.000525724536792672,0,0,0,1.82434139859678e-06,1,0,0,0
"162",35,"KEN","Kenya",1977,0,0.0106771926050218,0,0,0,2.11521614494755e-06,1,0,0,0
"163",38,"MUS","Mauritius",1977,0,0.00853183880908384,0,0,0,1.7415712837923e-06,1,0,0,0
"164",40,"MAR","Morocco",1977,0,0.00580406337578417,0,0,0,1.78793912542069e-06,1,0,0,0
"165",45,"NGA","Nigeria",1977,0,0.0008751518953447,0,0,0,2.31277316725914e-06,1,0,1,0
"166",56,"ZAF","South Africa",1977,0,0.00116632116123107,0,0,0,1.76049535770329e-06,1,0,0,1
"167",63,"TUN","Tunisia",1977,0,0.000574360438228641,0,0,0,1.668825465645e-06,1,0,0,0
"168",69,"ZMB","Zambia",1977,0,1.01960733700986e-06,0,0,0,2.19783221020403e-06,1,1,0,0
"169",70,"ZWE","Zimbabwe",1977,0,8.69265973178786e-30,1,1,0,1.76257501184438e-06,1,1,0,0
"170",1,"DZA","Algeria",1978,0,0.00515177801260287,0,0,0,1.73583942996855e-06,1,0,0,0
"171",2,"AGO","Angola",1978,0,4.01716423462839e-11,0,0,0,3.49996236981012e-06,1,0,1,0
"172",10,"CAF","Central African Republic",1978,1,0.280798237758777,0,0,0,1.81873951329997e-06,1,0,0,1
"173",15,"CIV","Ivory Coast",1978,0,0.327150331482279,0,0,0,2.02521289820336e-06,1,0,0,0
"174",19,"EGY","Egypt",1978,0,0.000525724536792672,0,0,0,1.80870891660912e-06,1,0,0,0
"175",35,"KEN","Kenya",1978,0,0.00961808539226011,0,0,0,1.99449306158622e-06,1,0,0,0
"176",38,"MUS","Mauritius",1978,0,0.00795506001111529,0,0,0,1.70831276380172e-06,1,0,0,0
"177",40,"MAR","Morocco",1978,0,0.00522157456176305,0,0,0,1.73818426506751e-06,1,0,0,0
"178",45,"NGA","Nigeria",1978,0,0.000870727925382889,0,0,0,2.01382557641778e-06,1,0,0,0
"179",56,"ZAF","South Africa",1978,0,0.00116672422118772,0,0,0,1.85252729978553e-06,1,0,0,1
"180",63,"TUN","Tunisia",1978,0,0.000618025266865907,0,0,0,1.50672187239196e-06,1,1,0,0
"181",69,"ZMB","Zambia",1978,0,1.05628579306516e-06,0,0,0,2.03227597602837e-06,1,0,0,0
"182",70,"ZWE","Zimbabwe",1978,0,9.06884902466276e-30,1,1,0,1.67041898552923e-06,1,0,0,0
"183",1,"DZA","Algeria",1979,0,0.00504563889068459,0,0,0,1.96053917296832e-06,1,0,0,0
"184",2,"AGO","Angola",1979,0,4.01716423462839e-11,0,0,0,5.90291429397669e-06,1,0,1,0
"185",10,"CAF","Central African Republic",1979,1,0.270049979906205,0,0,0,1.71501305212102e-06,1,0,0,1
"186",15,"CIV","Ivory Coast",1979,0,0.27542430371198,0,0,0,2.28568954503971e-06,1,0,1,0
"187",19,"EGY","Egypt",1979,0,0.000940473232187249,0,0,0,1.74649439507683e-06,1,1,0,0
"188",35,"KEN","Kenya",1979,0,0.00984487379453612,0,0,0,1.66361435797271e-06,1,0,0,0
"189",38,"MUS","Mauritius",1979,0,0.0101913710039377,0,0,0,2.35193061375008e-06,1,1,1,0
"190",40,"MAR","Morocco",1979,0,0.00502320188643098,0,0,0,1.68958602670382e-06,1,0,0,0
"191",45,"NGA","Nigeria",1979,0,0.000766638052988021,0,0,0,1.75401750778576e-06,1,0,0,0
"192",56,"ZAF","South Africa",1979,0,0.00110760876087881,0,0,0,1.92794651882421e-06,1,0,0,0
"193",63,"TUN","Tunisia",1979,0,0.000544130941479766,0,1,0.15,1.68529887857085e-06,1,0,0,0
"194",69,"ZMB","Zambia",1979,0,1.04459705432227e-06,0,0,0,1.73261204103467e-06,1,0,0,0
"195",70,"ZWE","Zimbabwe",1979,0,9.05541369277437e-30,1,1,0,1.86700546940798e-06,1,0,0,0
"196",1,"DZA","Algeria",1980,0,0.0053358420594738,0,0,0,1.73581702809547e-06,1,0,0,0
"197",2,"AGO","Angola",1980,0,4.01716423462839e-11,0,0,0,3.42021993774697e-06,1,0,1,0
"198",10,"CAF","Central African Republic",1980,1,0.303369579343226,0,0,0,1.90098508777162e-06,1,0,0,1
"199",15,"CIV","Ivory Coast",1980,0,0.296920834733403,0,0,0,1.69679880254422e-06,1,0,0,0
"200",19,"EGY","Egypt",1980,1,0.000940473230843716,0,0,0,2.22841075673315e-06,1,0,1,0
"201",35,"KEN","Kenya",1980,0,0.0101685309383839,0,0,0,1.92672438341498e-06,1,0,0,0
"202",38,"MUS","Mauritius",1980,0,0.0105264481812341,0,0,0,2.79867713017449e-06,1,0,1,0
"203",40,"MAR","Morocco",1980,0,0.0058230743690627,0,0,0,1.72399332338297e-06,1,0,0,0
"204",45,"NGA","Nigeria",1980,0,0.000731492998231804,0,0,0,1.74955071587691e-06,1,0,0,0
"205",56,"ZAF","South Africa",1980,0,0.00100144095855755,0,0,0,1.94355042473662e-06,1,0,0,0
"206",63,"TUN","Tunisia",1980,0,0.000562537344823326,0,1,0.15,1.75141522315849e-06,1,0,0,0
"207",69,"ZMB","Zambia",1980,0,1.07899150395654e-06,0,0,0,1.8295426258357e-06,1,0,0,0
"208",70,"ZWE","Zimbabwe",1980,0,8.47769442157363e-30,1,1,0,1.62358278490143e-06,1,0,0,0
"209",1,"DZA","Algeria",1992,1,0.0306075669882151,0,1,0.575,2.73773957511776e-06,1,0,1,1
"210",2,"AGO","Angola",1992,0,7.3894325386141e-10,1,1,0,1.48978286866883e-05,1,1,1,1
"211",10,"CAF","Central African Republic",1992,1,0.369908013496813,0,1,0,1.26173194491158e-06,1,0,0,1
"212",15,"CIV","Ivory Coast",1992,0,0.373502226497222,0,1,0,1.48797398700653e-06,1,0,0,0
"213",19,"EGY","Egypt",1992,0,0.00448553333958953,0,0,0,2.25760621221556e-06,1,0,1,1
"214",35,"KEN","Kenya",1992,1,0.0486578010269472,0,0,0,2.53910133594776e-06,1,1,1,1
"215",38,"MUS","Mauritius",1992,0,0.0228373771438841,0,0,0,1.42608144041532e-06,1,0,0,0
"216",40,"MAR","Morocco",1992,0,0.0121572287658468,0,0,0,1.55718813536201e-06,1,0,0,0
"217",45,"NGA","Nigeria",1992,1,0.0263955439818274,0,1,0,3.32278557944973e-06,1,1,0,1
"218",56,"ZAF","South Africa",1992,0,0.00410180682552524,0,0,0,1.91794755645532e-06,1,0,0,0
"219",63,"TUN","Tunisia",1992,1,0.00127722982596973,0,0,0,1.54709251056903e-06,1,0,0,1
"220",69,"ZMB","Zambia",1992,0,0.000423159213156709,0,1,0,8.83263197547467e-06,1,1,1,0
"221",70,"ZWE","Zimbabwe",1992,0,7.21477322406504e-29,0,0,0,3.18794986993987e-06,1,0,1,0
"222",1,"DZA","Algeria",1993,0,0.0324100511143614,0,1,0.575,2.22841075673315e-06,1,0,1,0
"223",2,"AGO","Angola",1993,0,8.73296572745303e-09,1,1,0,6.40289143543263e-05,1,1,1,1
"224",10,"CAF","Central African Republic",1993,1,0.396039715613325,0,1,0,1.16386805052196e-06,1,0,0,1
"225",15,"CIV","Ivory Coast",1993,0,0.399029357085161,0,1,0,1.39302054300768e-06,1,0,0,0
"226",19,"EGY","Egypt",1993,0,0.00453012520612709,0,0,0,1.79830075992229e-06,1,0,0,1
"227",35,"KEN","Kenya",1993,1,0.0915793871041467,0,0,0,3.38708834277078e-06,1,1,1,1
"228",38,"MUS","Mauritius",1993,0,0.0250646864643413,0,0,0,1.99139095303489e-06,1,0,0,0
"229",40,"MAR","Morocco",1993,0,0.0129667075121223,0,0,0,1.53185812180484e-06,1,0,0,0
"230",45,"NGA","Nigeria",1993,1,0.0293989756798441,0,1,0,3.89478003281059e-06,1,0,1,1
"231",56,"ZAF","South Africa",1993,0,0.00456465400908026,0,1,0.9,1.74518504029075e-06,1,0,0,0
"232",63,"TUN","Tunisia",1993,1,0.00140614183543882,0,0,0,1.4798792968572e-06,1,0,0,1
"233",69,"ZMB","Zambia",1993,0,0.000753722118938638,0,1,0,9.63018633412014e-06,1,1,1,0
"234",70,"ZWE","Zimbabwe",1993,0,9.1494610159931e-29,0,0,0,2.57857431937257e-06,1,1,1,0
"235",1,"DZA","Algeria",1994,0,0.0576274973022737,0,1,0.575,2.61495494925719e-06,1,1,1,0
"236",2,"AGO","Angola",1994,0,6.8421039881449e-07,1,1,0,4.44877411486157e-05,1,1,1,1
"237",10,"CAF","Central African Republic",1994,1,0.718252334629039,0,1,0,2.41258769552402e-06,1,1,1,1
"238",15,"CIV","Ivory Coast",1994,0,0.725507921973021,0,1,0,2.47652665254623e-06,1,1,1,0
"239",19,"EGY","Egypt",1994,0,0.0045559210433528,0,0,0,1.70753108836018e-06,1,0,0,1
"240",35,"KEN","Kenya",1994,1,0.0602425503010298,0,1,0,2.60649645280901e-06,1,0,1,1
"241",38,"MUS","Mauritius",1994,0,0.0239989959389542,0,0,0,1.62972201619446e-06,1,0,0,0
"242",40,"MAR","Morocco",1994,0,0.0120375199587213,0,0,0,1.52999361452326e-06,1,0,0,0
"243",45,"NGA","Nigeria",1994,1,0.0295541836567685,0,1,0,3.90719492275871e-06,1,0,1,1
"244",56,"ZAF","South Africa",1994,0,0.00476080985465074,0,0,0,1.6974354635672e-06,1,0,0,0
"245",63,"TUN","Tunisia",1994,1,0.00133171009677714,0,0,0,1.54277231077023e-06,1,0,0,1
"246",69,"ZMB","Zambia",1994,0,0.00093912969899841,0,1,0,3.77977176658785e-06,1,1,1,0
"247",70,"ZWE","Zimbabwe",1994,0,1.12588081224702e-28,0,0,0,2.25631211273711e-06,1,1,1,0
"248",1,"DZA","Algeria",1995,0,0.070098844127671,0,1,0.575,2.6513355791418e-06,1,1,1,0
"249",2,"AGO","Angola",1995,0,7.64739091087117e-06,1,1,0,0.000122817920361646,1,1,1,1
"250",10,"CAF","Central African Republic",1995,1,0.658330796862471,0,1,0,2.16929223317065e-06,1,0,0,1
"251",15,"CIV","Ivory Coast",1995,0,0.665048928475269,0,1,0,1.93736571765623e-06,1,0,0,0
"252",19,"EGY","Egypt",1995,0,0.00455457751016396,0,0,0,1.72185596137724e-06,1,0,0,1
"253",35,"KEN","Kenya",1995,1,0.0751557686971419,0,1,0,1.36682648949076e-06,1,0,0,1
"254",38,"MUS","Mauritius",1995,0,0.0237323046009697,0,0,0,1.57019421054576e-06,1,0,0,0
"255",40,"MAR","Morocco",1995,0,0.011378248222958,0,0,0,1.57465083770662e-06,1,0,0,0
"256",45,"NGA","Nigeria",1995,1,0.0294054101289921,0,0,0,4.6035656545376e-06,1,0,1,1
"257",56,"ZAF","South Africa",1995,0,0.00490053730628999,0,0,0,1.69220574802128e-06,1,0,0,0
"258",63,"TUN","Tunisia",1995,1,0.00127743135594805,0,0,0,1.57956222274104e-06,1,0,0,1
"259",69,"ZMB","Zambia",1995,1,0.00131397545868447,0,0,0,2.883489473593e-06,1,1,1,1
"260",70,"ZWE","Zimbabwe",1995,1,1.25082939880904e-28,0,0,0,2.46982986763611e-06,1,0,1,1
"261",1,"DZA","Algeria",1996,0,0.0754876213947851,0,1,0.575,2.14655433949277e-06,1,0,0,0
"262",2,"AGO","Angola",1996,0,0.00027138564294633,1,1,0,0.000189839226250831,1,1,1,1
"263",10,"CAF","Central African Republic",1996,1,0.703607833350253,0,1,0,1.46546347226542e-06,1,0,0,1
"264",15,"CIV","Ivory Coast",1996,0,0.706295397372624,0,1,0,1.41894174180047e-06,1,0,0,0
"265",19,"EGY","Egypt",1996,0,0.00455189044378629,0,0,0,1.61880782722907e-06,1,0,0,0
"266",35,"KEN","Kenya",1996,1,0.0739226739364255,0,1,0,1.69916354348672e-06,1,0,0,0
"267",38,"MUS","Mauritius",1996,0,0.0241453067032188,0,0,0,1.59415995048225e-06,1,0,0,1
"268",40,"MAR","Morocco",1996,0,0.0118224202951881,0,0,0,1.43199329277157e-06,1,0,0,0
"269",45,"NGA","Nigeria",1996,0,0.0294047017242476,0,0,0,2.62823387916507e-06,1,0,1,0
"270",56,"ZAF","South Africa",1996,0,0.00629109415673828,0,0,0,1.62903987938412e-06,1,1,0,0
"271",63,"TUN","Tunisia",1996,0,0.00134151788905567,0,0,0,1.46591823013898e-06,1,0,0,0
"272",69,"ZMB","Zambia",1996,1,0.0017291272140357,0,0,0,3.25593617203675e-06,1,1,1,1
"273",70,"ZWE","Zimbabwe",1996,1,1.45101584394604e-28,0,0,0,2.04197294733617e-06,1,1,0,1
"274",1,"DZA","Algeria",1997,0,0.0784810133395182,0,0,0,1.55536910386778e-06,1,0,0,0
"275",2,"AGO","Angola",1997,0,0.000352510863954802,1,1,0,1.13686802089438e-05,1,1,1,1
"276",10,"CAF","Central African Republic",1997,1,0.804520539687979,0,1,0,1.36878194834706e-06,1,0,0,1
"277",15,"CIV","Ivory Coast",1997,0,0.827616444324779,0,1,0,1.58270005206859e-06,1,0,0,0
"278",19,"EGY","Egypt",1997,0,0.00455189044378629,0,0,0,1.57660629656292e-06,1,0,0,0
"279",35,"KEN","Kenya",1997,1,0.0842097045034085,0,1,0,1.83841040437008e-06,1,0,0,0
"280",38,"MUS","Mauritius",1997,0,0.0299137664494987,0,0,0,1.60680221936715e-06,1,1,0,0
"281",40,"MAR","Morocco",1997,0,0.0130512157497002,0,0,0,1.34349741057725e-06,1,0,0,0
"282",45,"NGA","Nigeria",1997,0,0.0294045673709288,0,0,0,1.78152019438801e-06,1,0,1,1
"283",56,"ZAF","South Africa",1997,0,0.00653964779667348,0,0,0,1.68829483030869e-06,1,0,0,0
"284",63,"TUN","Tunisia",1997,0,0.00154170433419267,0,0,0,1.45982447463331e-06,1,0,0,0
"285",69,"ZMB","Zambia",1997,1,0.00193468779192806,0,0,0,2.40622108529421e-06,1,0,1,1
"286",70,"ZWE","Zimbabwe",1997,1,2.45866573557524e-28,0,0,0,2.20863053550363e-06,1,1,1,1
"287",1,"DZA","Algeria",1998,0,0.0810863928993147,0,0,0,1.52126226335095e-06,1,0,0,0
"288",2,"AGO","Angola",1998,0,0.000935770866026313,1,1,0,6.18157547578277e-06,1,1,1,1
"289",10,"CAF","Central African Republic",1998,1,0.755347259773984,0,1,0,1.21107191779725e-06,1,0,0,1
"290",15,"CIV","Ivory Coast",1998,0,0.773875116771222,0,1,0,1.53349525014965e-06,1,0,0,0
"291",19,"EGY","Egypt",1998,0,0.00455189044378629,0,0,0,1.52540056000032e-06,1,0,0,0
"292",35,"KEN","Kenya",1998,1,0.0831722281749871,0,1,0,1.60157250382124e-06,1,0,0,0
"293",38,"MUS","Mauritius",1998,0,0.0332974547855896,0,0,0,1.60575627625797e-06,1,0,0,0
"294",40,"MAR","Morocco",1998,0,0.0124345340160232,0,0,0,1.42098815223148e-06,1,0,0,0
"295",45,"NGA","Nigeria",1998,0,0.0294045673709288,0,0,0,1.65368775613095e-06,1,0,0,0
"296",56,"ZAF","South Africa",1998,0,0.00787310448659611,0,0,0,1.60866672664874e-06,1,1,0,0
"297",63,"TUN","Tunisia",1998,0,0.00147923004091166,0,0,0,1.43722300831749e-06,1,0,0,0
"298",69,"ZMB","Zambia",1998,1,0.0032580679829344,0,0,0,2.40831297151257e-06,1,1,1,1
"299",70,"ZWE","Zimbabwe",1998,1,4.98450813059242e-28,0,0,0,3.41584154485688e-06,1,1,1,1
"300",1,"DZA","Algeria",1999,0,0.0931260625111381,0,0,0,1.41439416306489e-06,1,0,0,0
"301",2,"AGO","Angola",1999,0,0.00749680771106611,1,1,0,1.25854303754348e-05,1,1,1,0
"302",10,"CAF","Central African Republic",1999,1,0.877264582877744,0,1,0,1.23180887683148e-06,1,0,0,1
"303",15,"CIV","Ivory Coast",1999,0,0,0,0,0,1.3379948403072e-06,1,0,0,0
"304",19,"EGY","Egypt",1999,0,0.00457473050799655,0,0,0,1.46646393958725e-06,1,0,0,0
"305",35,"KEN","Kenya",1999,1,0.0979846815819363,0,0,0,1.55777932059763e-06,1,1,0,0
"306",38,"MUS","Mauritius",1999,0,0.0342171032533498,0,0,0,1.60866672664874e-06,1,0,0,0
"307",40,"MAR","Morocco",1999,0,0.0135522192758183,0,0,0,1.32753540921537e-06,1,0,0,0
"308",45,"NGA","Nigeria",1999,0,0.131599075846773,0,0,0,1.59711587666037e-06,1,1,0,0
"309",56,"ZAF","South Africa",1999,0,0.00826877501070918,0,0,0,1.5331314438508e-06,1,0,0,0
"310",63,"TUN","Tunisia",1999,0,0.00168277531902076,0,0,0,1.42203409534066e-06,1,0,0,0
"311",69,"ZMB","Zambia",1999,0,0.00370815160119544,0,0,0,2.51445345920094e-06,1,0,1,0
"312",70,"ZWE","Zimbabwe",1999,1,4.99794346248081e-28,0,0,0,3.88478460754843e-06,1,0,1,1
"313",1,"DZA","Algeria",2000,0,0.101225552340054,0,0,0,1.30979985214662e-06,1,0,0,0
"314",2,"AGO","Angola",2000,0,0.0225953262045829,1,1,0,1.60771068043981e-05,1,1,1,0
"315",10,"CAF","Central African Republic",2000,0,0.947125201508163,0,1,0,1.44177058705307e-06,1,0,0,0
"316",15,"CIV","Ivory Coast",2000,0,0,0,1,0,1.27883084095735e-06,1,0,0,0
"317",19,"EGY","Egypt",2000,0,0.00495763746681564,0,0,0,1.42571763411648e-06,1,0,0,0
"318",35,"KEN","Kenya",2000,0,0.104844090277553,0,1,0,1.74886857906657e-06,1,0,0,0
"319",38,"MUS","Mauritius",2000,0,0.0374599893112503,0,0,0,1.4885196964548e-06,1,0,0,0
"320",40,"MAR","Morocco",2000,0,0.0142669789322806,0,0,0,1.38360705502504e-06,1,0,0,0
"321",45,"NGA","Nigeria",2000,0,0.147184060837304,0,0,0,1.61166812861422e-06,1,0,0,0
"322",56,"ZAF","South Africa",2000,0,0.0101685309397274,0,0,0,1.54054399718979e-06,1,1,0,0
"323",63,"TUN","Tunisia",2000,0,0.00186119652649857,0,0,0,1.42212504691537e-06,1,0,0,0
"324",69,"ZMB","Zambia",2000,0,0.00597872269033323,0,0,0,2.48307516592546e-06,1,1,1,0
"325",70,"ZWE","Zimbabwe",2000,1,7.3894325386141e-28,1,1,0,3.80658866376452e-06,1,1,1,1
"326",1,"DZA","Algeria",2001,0,0.10455321534217,0,0,0,1.48715542283412e-06,1,0,0,0
"327",2,"AGO","Angola",2001,0,0.0429250255221629,1,1,0,8.23512560540722e-06,1,1,1,0
"328",10,"CAF","Central African Republic",2001,0,1,0,1,0,1.47092056674811e-06,1,0,0,0
"329",15,"CIV","Ivory Coast",2001,0,0,0,1,0,1.49420416987427e-06,1,0,0,0
"330",19,"EGY","Egypt",2001,0,0.00603246401788678,0,0,0,1.40670875500177e-06,1,1,0,0
"331",35,"KEN","Kenya",2001,0,0.10560170864274,0,0,0,1.56100810149989e-06,1,0,0,0
"332",38,"MUS","Mauritius",2001,0,0.0408356164482081,0,0,0,1.54131708557484e-06,1,0,0,0
"333",40,"MAR","Morocco",2001,0,0.015531243662978,0,0,0,1.32403377358898e-06,1,0,0,0
"334",45,"NGA","Nigeria",2001,0,0.151752073679357,0,0,0,2.15423974755589e-06,1,0,0,0
"335",56,"ZAF","South Africa",2001,0,0.0162923552144553,0,0,0,1.55536910386778e-06,1,1,0,0
"336",63,"TUN","Tunisia",2001,0,0.0019727097811722,0,0,0,1.38651750541581e-06,1,0,0,0
"337",69,"ZMB","Zambia",2001,0,0.00501809646031339,0,0,0,2.26738350649705e-06,1,0,1,0
"338",70,"ZWE","Zimbabwe",2001,1,7.40286787050249e-28,1,1,0,6.39483014233773e-06,1,0,1,1
"339",1,"DZA","Algeria",2002,0,0.107111033827081,0,0,0,1.36118749185864e-06,1,0,0,0
"340",2,"AGO","Angola",2002,0,0.0788202151637044,1,1,0,6.24815202847162e-06,1,1,1,0
"341",10,"CAF","Central African Republic",2002,0,0.840373796046457,0,1,0,1.40066047528345e-06,1,0,0,0
"342",15,"CIV","Ivory Coast",2002,0,0,0,1,0,1.43622254099566e-06,1,0,0,0
"343",19,"EGY","Egypt",2002,0,0.00604589934977517,0,0,0,1.44213439335191e-06,1,0,0,0
"344",35,"KEN","Kenya",2002,0,0.103549058636832,0,0,0,1.39420291347893e-06,1,0,0,0
"345",38,"MUS","Mauritius",2002,0,0.0392268698078924,0,0,0,1.58783881603979e-06,1,0,0,0
"346",40,"MAR","Morocco",2002,0,0.0136597019309254,0,0,0,1.42253432900157e-06,1,0,0,0
"347",45,"NGA","Nigeria",2002,0,0.16982259506924,0,0,0,1.88202168444426e-06,1,0,0,0
"348",56,"ZAF","South Africa",2002,0,0.0116081267515683,0,0,0,1.71348841650378e-06,1,0,0,0
"349",63,"TUN","Tunisia",2002,0,0.00179240762723001,0,0,0,1.4192145965246e-06,1,0,0,0
"350",69,"ZMB","Zambia",2002,0,0.00604589934977517,0,0,0,2.30749315094483e-06,1,0,1,0
"351",70,"ZWE","Zimbabwe",2002,1,7.3894325386141e-28,1,1,0,1.03425921013754e-05,1,0,1,1
"352",1,"DZA","Algeria",2003,0,0.0975577067345233,0,0,0,1.48983849428811e-06,1,0,0,0
"353",2,"AGO","Angola",2003,0,0.106248606437834,0,1,0,5.7683369960809e-06,1,1,1,0
"354",10,"CAF","Central African Republic",2003,0,0.697783056185883,0,1,0,1.49411321829955e-06,1,0,0,0
"355",15,"CIV","Ivory Coast",2003,0,0,0,1,0,1.44609078685186e-06,1,0,0,0
"356",19,"EGY","Egypt",2003,0,0.00826702841756369,0,0,0,1.29615711593989e-06,1,1,0,0
"357",35,"KEN","Kenya",2003,0,0.102295139111688,0,0,0,1.56823875168946e-06,1,0,0,0
"358",38,"MUS","Mauritius",2003,0,0.0350496907704733,0,0,0,1.47492243603542e-06,1,0,0,0
"359",40,"MAR","Morocco",2003,0,0.0117557810490217,0,0,0,1.34904545663465e-06,1,0,0,0
"360",45,"NGA","Nigeria",2003,0,0.183392280276514,0,0,0,1.9343188399034e-06,1,0,0,0
"361",56,"ZAF","South Africa",2003,0,0.00892106037389048,0,0,0,1.56018953732749e-06,1,0,0,0
"362",63,"TUN","Tunisia",2003,0,0.00162339115207408,0,0,0,1.42003316069701e-06,1,0,0,0
"363",69,"ZMB","Zambia",2003,0,0.00591154603089128,0,0,0,2.26933896535334e-06,1,0,1,0
"364",70,"ZWE","Zimbabwe",2003,1,1.06810888512695e-26,1,1,0,2.85245460700607e-05,1,1,1,1
"365",1,"DZA","Algeria",2004,0,0.0975589159143932,0,0,0,1.47678694331701e-06,1,0,0,0
"366",2,"AGO","Angola",2004,0,0.115527449699912,0,0,0,3.27703693736982e-06,1,1,1,0
"367",10,"CAF","Central African Republic",2004,0,0.647015637599228,0,1,0,1.19410944911355e-06,1,0,0,0
"368",15,"CIV","Ivory Coast",2004,0,0,0,1,0,1.36250628969196e-06,1,0,0,0
"369",19,"EGY","Egypt",2004,0,0.008237739394047,0,0,0,1.66478384824575e-06,1,0,0,0
"370",35,"KEN","Kenya",2004,0,0.103914768370834,0,0,0,1.67728968976859e-06,1,0,0,0
"371",38,"MUS","Mauritius",2004,0,0.0378935474712886,0,0,0,1.51002974387407e-06,1,0,0,0
"372",40,"MAR","Morocco",2004,0,0.0110407526859217,0,0,0,1.36405246646206e-06,1,0,0,0
"373",45,"NGA","Nigeria",2004,0,0.177816617542832,0,1,0,1.97833940206378e-06,1,0,0,0
"374",56,"ZAF","South Africa",2004,0,0.00756409185316316,0,0,0,1.35945941193912e-06,1,0,0,0
"375",63,"TUN","Tunisia",2004,0,0.00161143370669341,0,0,0,1.46082494195513e-06,1,0,0,0
"376",69,"ZMB","Zambia",2004,0,0.00618025266865907,0,0,0,2.1133115389357e-06,1,0,0,0
"377",70,"ZWE","Zimbabwe",2004,1,7.52378585749799e-26,1,1,0,7.3329211779806e-06,1,1,1,1
"378",1,"DZA","Algeria",2005,0,0.0985883310436816,0,0,0,1.35900465406557e-06,1,0,0,0
"379",2,"AGO","Angola",2005,0,0.108529952663146,0,0,0,2.3403266694157e-06,1,1,1,0
"380",10,"CAF","Central African Republic",2005,0,0.747054335829032,0,1,0,1.42735476246129e-06,1,0,0,0
"381",15,"CIV","Ivory Coast",2005,0,0,0,1,0,1.4727850740297e-06,1,0,0,0
"382",19,"EGY","Egypt",2005,0,0.0077014009450625,0,0,0,1.69752641514191e-06,1,0,0,0
"383",35,"KEN","Kenya",2005,0,0.09722706321675,0,0,0,1.65191420042407e-06,1,0,0,0
"384",38,"MUS","Mauritius",2005,0,0.0412015948888479,0,0,0,1.51994346551763e-06,1,0,0,0
"385",40,"MAR","Morocco",2005,0,0.0124268758768468,0,0,0,1.34085981491061e-06,1,0,0,0
"386",45,"NGA","Nigeria",2005,0,0.173315781360222,0,1,0,2.1081727749645e-06,1,0,0,0
"387",56,"ZAF","South Africa",2005,0,0.00849784741940622,0,0,0,1.45045646243802e-06,1,0,0,0
"388",63,"TUN","Tunisia",2005,0,0.00183177314966299,0,0,0,1.36182415288162e-06,1,0,0,0
"389",69,"ZMB","Zambia",2005,0,0.00448740085072202,0,0,0,2.12950091923436e-06,1,0,0,0
"390",70,"ZWE","Zimbabwe",2005,1,1.13662907775773e-24,1,1,0,2.79378909095407e-05,1,1,1,1
"391",1,"DZA","Algeria",2006,0,0.0956034033580382,0,0,0,1.4014335636685e-06,1,0,0,0
"392",2,"AGO","Angola",2006,0,0.107837912152907,0,0,0,1.9012124667084e-06,1,0,0,0
"393",10,"CAF","Central African Republic",2006,0,0.669172361348415,0,1,0,1.60057203649941e-06,1,0,0,0
"394",15,"CIV","Ivory Coast",2006,0,0,0,1,0,1.40830040755922e-06,1,0,0,0
"395",19,"EGY","Egypt",2006,0,0.00766297589586171,0,0,0,1.48724637440883e-06,1,0,0,0
"396",35,"KEN","Kenya",2006,0,0.0932367696458984,0,0,0,1.57087634735609e-06,1,0,0,0
"397",38,"MUS","Mauritius",2006,0,0.0461326303985245,0,0,0,1.70225589702691e-06,1,0,0,0
"398",40,"MAR","Morocco",2006,0,0.0113617227647353,0,0,0,1.44554507740359e-06,1,0,0,0
"399",45,"NGA","Nigeria",2006,0,0.172335002132369,0,0,0,1.6698771364296e-06,1,0,0,0
"400",56,"ZAF","South Africa",2006,0,0.00936442632620732,0,0,0,1.50934760706374e-06,1,0,0,0
"401",63,"TUN","Tunisia",2006,0,0.00174269689924297,0,0,0,1.48456330295484e-06,1,0,0,0
"402",69,"ZMB","Zambia",2006,0,0.00593468167240309,0,0,0,1.70621229052686e-06,1,0,0,0
"403",70,"ZWE","Zimbabwe",2006,1,4.03059956651678e-22,1,1,0,5.95558069955022e-05,1,1,1,1
"404",1,"DZA","Algeria",2007,0,0.0897881886567866,0,0,0,1.46323515868499e-06,1,0,0,0
"405",2,"AGO","Angola",2007,0,0.100795890426263,0,0,0,1.8531900352607e-06,1,0,0,0
"406",10,"CAF","Central African Republic",2007,0,0.598668568659489,0,1,0,1.33867697711754e-06,1,0,0,0
"407",15,"CIV","Ivory Coast",2007,0,0,0,1,0,1.38237920876643e-06,1,0,0,0
"408",19,"EGY","Egypt",2007,0,0.00739453796473169,0,0,0,1.79452626957176e-06,1,0,0,0
"409",35,"KEN","Kenya",2007,0,0.0842059426104798,0,0,0,1.49011134901225e-06,1,0,0,0
"410",38,"MUS","Mauritius",2007,0,0.0379094011629169,0,0,0,1.69757189092926e-06,1,0,0,0
"411",40,"MAR","Morocco",2007,0,0.0103629401921524,0,0,0,1.38874581899624e-06,1,0,0,0
"412",45,"NGA","Nigeria",2007,0,0.158493923220951,0,0,0,1.54231755289667e-06,1,0,0,0
"413",56,"ZAF","South Africa",2007,0,0.0091494610159931,0,0,0,1.61858044829229e-06,1,0,0,0
"414",63,"TUN","Tunisia",2007,0,0.00164005096361568,0,0,0,1.45250287286903e-06,1,0,0,0
"415",69,"ZMB","Zambia",2007,0,0.00514573211325309,0,0,0,1.78070163021561e-06,1,0,0,0
"416",70,"ZWE","Zimbabwe",2007,1,2.55271305879396e-19,1,1,0,0.0030154264484973,1,1,1,1
"417",1,"DZA","Algeria",2008,0,0.0956361855678458,0,0,0,1.51694206355215e-06,1,0,0,0
"418",2,"AGO","Angola",2008,0,0.100992046271833,0,0,0,1.86301280532955e-06,1,0,0,0
"419",10,"CAF","Central African Republic",2008,0,0.633254293217614,0,1,0,1.71735385842902e-06,1,0,0,0
"420",15,"CIV","Ivory Coast",2008,0,0,0,1,0,1.58333671309157e-06,1,0,0,0
"421",19,"EGY","Egypt",2008,0,0.00739494102468834,0,0,0,1.82813287642768e-06,1,0,0,0
"422",35,"KEN","Kenya",2008,0,0.104407456917834,0,0,0,1.98288698079936e-06,1,1,0,0
"423",38,"MUS","Mauritius",2008,0,0.0426645681781746,0,0,0,1.73868200269888e-06,1,0,0,0
"424",40,"MAR","Morocco",2008,0,0.0108802004698554,0,0,0,1.47310340454119e-06,1,0,0,0
"425",45,"NGA","Nigeria",2008,0,0.17810211834546,0,0,0,1.82281220930705e-06,1,0,0,0
"426",56,"ZAF","South Africa",2008,0,0.0125015763221462,0,0,0,1.82076579887604e-06,1,1,0,0
"427",63,"TUN","Tunisia",2008,0,0.00175989412406011,0,0,0,1.51957965921879e-06,1,0,0,0
"428",69,"ZMB","Zambia",2008,0,0.0064923016870988,0,0,0,1.86228519273186e-06,1,1,0,0
"429",70,"ZWE","Zimbabwe",2008,1,2.68706637767785e-06,1,1,0,1,1,1,1,1
"430",1,"DZA","Algeria",2009,0,0.0977163780041252,0,0,0,1.55732456272407e-06,1,0,0,0
"431",2,"AGO","Angola",2009,0,0.120109180015822,0,0,0,1.9201303942484e-06,1,1,0,0
"432",10,"CAF","Central African Republic",2009,0,0.611758989245053,0,1,0,1.45632283900691e-06,1,0,0,0
"433",15,"CIV","Ivory Coast",2009,0,0,0,1,0,1.34204218538186e-06,1,0,0,0
"434",19,"EGY","Egypt",2009,0,0.00735638162216866,0,0,0,2.03468390259758e-06,1,0,0,0
"435",35,"KEN","Kenya",2009,0,0.101866686377767,0,0,0,1.77601762411797e-06,1,0,0,0
"436",38,"MUS","Mauritius",2009,0,0.0406962920565255,0,0,0,1.41057419692701e-06,1,0,0,0
"437",40,"MAR","Morocco",2009,0,0.0105603052175929,0,0,0,1.3403595812497e-06,1,0,0,0
"438",45,"NGA","Nigeria",2009,1,0.200967037919716,0,0,0,1.8665599167433e-06,1,0,0,1
"439",56,"ZAF","South Africa",2009,0,0.00991527493363128,0,0,0,1.62039947978652e-06,1,0,0,0
"440",63,"TUN","Tunisia",2009,0,0.00176983626965752,0,0,0,1.45668664530576e-06,1,0,0,0
"441",69,"ZMB","Zambia",2009,0,0.00622190219751307,0,0,0,1.90516886020835e-06,1,0,0,0
"442",70,"ZWE","Zimbabwe",2009,1,0.476685575400051,1,1,0,9.47357826921148e-07,1,1,0,1
"443",1,"DZA","Algeria",2010,0,0.100689348244388,0,0,0,1.47410387186302e-06,1,0,0,0
"444",2,"AGO","Angola",2010,0,0.124468945213605,0,0,0,1.95464651685142e-06,1,0,0,0
"445",10,"CAF","Central African Republic",2010,0,0.659556952542974,0,1,0,1.36396151488734e-06,1,0,0,0
"446",15,"CIV","Ivory Coast",2010,0,0,0,1,0,1.37801353318028e-06,1,0,0,0
"447",19,"EGY","Egypt",2010,0,0.00778255034966837,0,0,0,1.82776907012883e-06,1,0,0,0
"448",35,"KEN","Kenya",2010,0,0.108492917418417,0,0,0,1.4921122836559e-06,1,0,0,0
"449",38,"MUS","Mauritius",2010,0,0.040829973608815,0,0,0,1.42935569710494e-06,1,0,0,0
"450",40,"MAR","Morocco",2010,0,0.011227772505808,0,0,0,1.34136004857153e-06,1,0,0,0
"451",45,"NGA","Nigeria",2010,1,0.202418994236894,0,0,0,1.92008491846104e-06,1,0,0,1
"452",56,"ZAF","South Africa",2010,0,0.00890977469510423,0,0,0,1.4897475427134e-06,1,0,0,0
"453",63,"TUN","Tunisia",2010,0,0.00193186637223149,0,0,0,1.49665986239148e-06,1,0,0,0
"454",69,"ZMB","Zambia",2010,0,0.00643538962121958,0,0,0,1.68270130846393e-06,1,0,0,0
"455",70,"ZWE","Zimbabwe",2010,0,0.508124252018882,1,1,0,1.4424527238634e-06,1,0,0,0
"456",1,"DZA","Algeria",2011,0,0.10218416327029,0,0,0,1.50179862636268e-06,1,0,0,0
"457",2,"AGO","Angola",2011,0,0.128001093967062,0,0,0,1.90935263264508e-06,1,0,0,0
"458",10,"CAF","Central African Republic",2011,0,0.68111909729168,0,1,0,1.35050068183004e-06,1,0,0,0
"459",15,"CIV","Ivory Coast",2011,0,0,0,1,0,1.49843341809835e-06,1,0,0,0
"460",19,"EGY","Egypt",2011,0,0.00808390484392494,0,0,0,1.80048359771537e-06,1,0,0,0
"461",35,"KEN","Kenya",2011,0,0.114291815661469,0,0,0,1.93381860624248e-06,1,0,0,0
"462",38,"MUS","Mauritius",2011,0,0.0394058284286457,0,0,0,1.59293210422364e-06,1,0,0,0
"463",40,"MAR","Morocco",2011,0,0.0115237528673092,0,0,0,1.33740365507158e-06,1,0,0,0
"464",45,"NGA","Nigeria",2011,1,0.212636967197971,0,0,0,1.78916012666378e-06,1,0,0,1
"465",56,"ZAF","South Africa",2011,0,0.0109402564033965,0,0,0,1.52353605271874e-06,1,1,0,0
"466",63,"TUN","Tunisia",2011,0,0.0020143593100262,0,0,0,1.45718687896667e-06,1,0,0,0
"467",69,"ZMB","Zambia",2011,0,0.0068708018570585,0,0,0,1.68988648286614e-06,1,0,0,0
"468",70,"ZWE","Zimbabwe",2011,0,0.486224661040808,1,1,0,1.51989798973028e-06,1,0,0,0
"469",1,"DZA","Algeria",2012,0,0.104933300881292,0,0,0,1.70161923600393e-06,1,0,0,0
"470",2,"AGO","Angola",2012,0,0.128745257129504,0,0,0,1.76387558889398e-06,1,0,0,0
"471",10,"CAF","Central African Republic",2012,0,0.667955131027593,0,1,0,1.56328189086768e-06,1,0,0,0
"472",15,"CIV","Ivory Coast",2012,0,0,0,1,0,1.35527563950239e-06,1,0,0,0
"473",19,"EGY","Egypt",2012,0,0.00847191722886162,0,0,0,1.68952267656729e-06,1,0,0,0
"474",35,"KEN","Kenya",2012,0,0.115544929066699,0,0,0,1.72262904976229e-06,1,0,0,0
"475",38,"MUS","Mauritius",2012,0,0.0410046329233641,0,0,0,1.51907942555787e-06,1,0,0,0
"476",40,"MAR","Morocco",2012,0,0.0113306871480731,0,0,0,1.35468445426677e-06,1,0,0,0
"477",45,"NGA","Nigeria",2012,1,0.20861039823102,0,0,0,1.85209861636417e-06,1,0,0,1
"478",56,"ZAF","South Africa",2012,0,0.011421577168298,0,0,0,1.55327721764941e-06,1,0,0,0
"479",63,"TUN","Tunisia",2012,0,0.00208328256261364,0,0,0,1.52985718716119e-06,1,0,0,0
"480",69,"ZMB","Zambia",2012,0,0.00691464577866984,0,0,0,1.59516041780407e-06,1,0,0,0
"481",70,"ZWE","Zimbabwe",2012,0,0.486224661040808,1,1,0,1.46532704490335e-06,1,0,0,0
"482",1,"DZA","Algeria",2013,0,0.10499537386121,0,0,0,1.44418080378292e-06,1,0,0,0
"483",2,"AGO","Angola",2013,0,0.131075097903126,0,0,0,1.69552548049825e-06,1,0,0,0
"484",10,"CAF","Central African Republic",2013,0,0.639039953547544,0,1,0,1.59411447469489e-06,1,0,0,0
"485",15,"CIV","Ivory Coast",2013,0,0,0,0,0,1.4136665504672e-06,1,0,0,0
"486",19,"EGY","Egypt",2013,0,0.00932412033054216,0,0,0,1.61057670971768e-06,1,0,0,0
"487",35,"KEN","Kenya",2013,0,0.115960349528688,0,0,0,1.55614219225282e-06,1,0,0,0
"488",38,"MUS","Mauritius",2013,0,0.0404741117984279,0,0,0,1.48401759350657e-06,1,0,0,0
"489",40,"MAR","Morocco",2013,0,0.0109497954890373,0,0,0,1.38169707195609e-06,1,0,0,0
"490",45,"NGA","Nigeria",2013,1,0.208516350907802,0,0,0,1.68247392952715e-06,1,0,0,1
"491",56,"ZAF","South Africa",2013,0,0.014093461620942,0,0,0,1.55773384481028e-06,1,1,0,0
"492",63,"TUN","Tunisia",2013,0,0.00222098893190279,0,0,0,1.56014406154013e-06,1,0,0,0
"493",69,"ZMB","Zambia",2013,0,0.00741630320239088,0,0,0,1.61348716010845e-06,1,1,0,0
"494",70,"ZWE","Zimbabwe",2013,0,0.486224661040808,1,1,0,1.37037360090451e-06,1,0,0,0
